species_list_doi,kingdom,phylum,class,order,family,genus,species,morphospecies,taxonID,commonName,scientificName,name,deployment,image_id,identifiedBy,detectionBy,detection_confidence,ID_confidence,mothbox,filepath,original_mothbox_identifciation,eventDate,eventTime,UTCOFFSET,verbatimEventDate,basisOfRecord,datasetID,parentEventID,eventID,occurrenceID
doi.org10.15468dl.6nxkw6.csv,Animalia,Arthropoda,Insecta,Diptera,,,,,811,,Diptera,Diptera,Cerro_Hoya_Expedition_Hoya_1416m_fondoGorila_2025-01-27,fondoGorila_2025_01_27__19_09_05_HDR0_0_Mothbot_yolo11m_4500_imgsz1600_b1_2024-01-18.pt.jpg,HS,Mothbot_yolo11m_4500_imgsz1600_b1_2024-01-18.pt,0.7636569142341614,,fondoGorila,Cerro_Hoya_Expedition/Hoya_1416m_fondoGorila_2025-01-27/2025-01-27/patches/fondoGorila_2025_01_27__19_09_05_HDR0_0_Mothbot_yolo11m_4500_imgsz1600_b1_2024-01-18.pt.jpg,ORDER_Diptera,2025-01-27,19:09:05,,2025_01_27__19_09_05,MachineObservation,Cerro_Hoya_Expedition_Hoya_1416m_fondoGorila_2025-01-27_2025-01-27,Cerro_Hoya_Expedition_Hoya_1416m_fondoGorila_2025-01-27,fondoGorila_2025_01_27__19_09_05_HDR0.jpg,fondoGorila_2025_01_27__19_09_05_HDR0_0_Mothbot_yolo11m_4500_imgsz1600_b1_2024-01-18.pt.jpg
doi.org10.15468dl.6nxkw6.csv,Animalia,Arthropoda,Insecta,Diptera,,,,,811,,Diptera,Diptera,Cerro_Hoya_Expedition_Hoya_1416m_fondoGorila_2025-01-27,fondoGorila_2025_01_27__19_10_05_HDR0_0_Mothbot_yolo11m_4500_imgsz1600_b1_2024-01-18.pt.jpg,HS,Mothbot_yolo11m_4500_imgsz1600_b1_2024-01-18.pt,0.797370433807373,,fondoGorila,Cerro_Hoya_Expedition/Hoya_1416m_fondoGorila_2025-01-27/2025-01-27/patches/fondoGorila_2025_01_27__19_10_05_HDR0_0_Mothbot_yolo11m_4500_imgsz1600_b1_2024-01-18.pt.jpg,ORDER_Diptera,2025-01-27,19:10:05,,2025_01_27__19_10_05,MachineObservation,Cerro_Hoya_Expedition_Hoya_1416m_fondoGorila_2025-01-27_2025-01-27,Cerro_Hoya_Expedition_Hoya_1416m_fondoGorila_2025-01-27,fondoGorila_2025_01_27__19_10_05_HDR0.jpg,fondoGorila_2025_01_27__19_10_05_HDR0_0_Mothbot_yolo11m_4500_imgsz1600_b1_2024-01-18.pt.jpg
doi.org10.15468dl.6nxkw6.csv,Animalia,Arthropoda,Insecta,Diptera,,,,,811,,Diptera,Diptera,Cerro_Hoya_Expedition_Hoya_1416m_fondoGorila_2025-01-27,fondoGorila_2025_01_27__19_17_06_HDR0_0_Mothbot_yolo11m_4500_imgsz1600_b1_2024-01-18.pt.jpg,HS,Mothbot_yolo11m_4500_imgsz1600_b1_2024-01-18.pt,0.78752201795578,,fondoGorila,Cerro_Hoya_Expedition/Hoya_1416m_fondoGorila_2025-01-27/2025-01-27/patches/fondoGorila_2025_01_27__19_17_06_HDR0_0_Mothbot_yolo11m_4500_imgsz1600_b1_2024-01-18.pt.jpg,ORDER_Diptera,2025-01-27,19:17:06,,2025_01_27__19_17_06,MachineObservation,Cerro_Hoya_Expedition_Hoya_1416m_fondoGorila_2025-01-27_2025-01-27,Cerro_Hoya_Expedition_Hoya_1416m_fondoGorila_2025-01-27,fondoGorila_2025_01_27__19_17_06_HDR0.jpg,fondoGorila_2025_01_27__19_17_06_HDR0_0_Mothbot_yolo11m_4500_imgsz1600_b1_2024-01-18.pt.jpg
doi.org10.15468dl.6nxkw6.csv,Animalia,Arthropoda,Insecta,Diptera,,,,,811,,Diptera,Diptera,Cerro_Hoya_Expedition_Hoya_1416m_fondoGorila_2025-01-27,fondoGorila_2025_01_27__19_18_06_HDR0_0_Mothbot_yolo11m_4500_imgsz1600_b1_2024-01-18.pt.jpg,HS,Mothbot_yolo11m_4500_imgsz1600_b1_2024-01-18.pt,0.8722855448722839,,fondoGorila,Cerro_Hoya_Expedition/Hoya_1416m_fondoGorila_2025-01-27/2025-01-27/patches/fondoGorila_2025_01_27__19_18_06_HDR0_0_Mothbot_yolo11m_4500_imgsz1600_b1_2024-01-18.pt.jpg,ORDER_Diptera,2025-01-27,19:18:06,,2025_01_27__19_18_06,MachineObservation,Cerro_Hoya_Expedition_Hoya_1416m_fondoGorila_2025-01-27_2025-01-27,Cerro_Hoya_Expedition_Hoya_1416m_fondoGorila_2025-01-27,fondoGorila_2025_01_27__19_18_06_HDR0.jpg,fondoGorila_2025_01_27__19_18_06_HDR0_0_Mothbot_yolo11m_4500_imgsz1600_b1_2024-01-18.pt.jpg
doi.org10.15468dl.6nxkw6.csv,Animalia,Arthropoda,Insecta,Diptera,,,,,811,,Diptera,Diptera,Cerro_Hoya_Expedition_Hoya_1416m_fondoGorila_2025-01-27,fondoGorila_2025_01_27__19_19_06_HDR0_0_Mothbot_yolo11m_4500_imgsz1600_b1_2024-01-18.pt.jpg,HS,Mothbot_yolo11m_4500_imgsz1600_b1_2024-01-18.pt,0.8108505606651306,,fondoGorila,Cerro_Hoya_Expedition/Hoya_1416m_fondoGorila_2025-01-27/2025-01-27/patches/fondoGorila_2025_01_27__19_19_06_HDR0_0_Mothbot_yolo11m_4500_imgsz1600_b1_2024-01-18.pt.jpg,ORDER_Diptera,2025-01-27,19:19:06,,2025_01_27__19_19_06,MachineObservation,Cerro_Hoya_Expedition_Hoya_1416m_fondoGorila_2025-01-27_2025-01-27,Cerro_Hoya_Expedition_Hoya_1416m_fondoGorila_2025-01-27,fondoGorila_2025_01_27__19_19_06_HDR0.jpg,fondoGorila_2025_01_27__19_19_06_HDR0_0_Mothbot_yolo11m_4500_imgsz1600_b1_2024-01-18.pt.jpg
doi.org10.15468dl.6nxkw6.csv,Animalia,Arthropoda,Insecta,Diptera,,,,,811,,Diptera,Diptera,Cerro_Hoya_Expedition_Hoya_1416m_fondoGorila_2025-01-27,fondoGorila_2025_01_27__19_20_06_HDR0_0_Mothbot_yolo11m_4500_imgsz1600_b1_2024-01-18.pt.jpg,HS,Mothbot_yolo11m_4500_imgsz1600_b1_2024-01-18.pt,0.8265101909637451,,fondoGorila,Cerro_Hoya_Expedition/Hoya_1416m_fondoGorila_2025-01-27/2025-01-27/patches/fondoGorila_2025_01_27__19_20_06_HDR0_0_Mothbot_yolo11m_4500_imgsz1600_b1_2024-01-18.pt.jpg,ORDER_Diptera,2025-01-27,19:20:06,,2025_01_27__19_20_06,MachineObservation,Cerro_Hoya_Expedition_Hoya_1416m_fondoGorila_2025-01-27_2025-01-27,Cerro_Hoya_Expedition_Hoya_1416m_fondoGorila_2025-01-27,fondoGorila_2025_01_27__19_20_06_HDR0.jpg,fondoGorila_2025_01_27__19_20_06_HDR0_0_Mothbot_yolo11m_4500_imgsz1600_b1_2024-01-18.pt.jpg
doi.org10.15468dl.6nxkw6.csv,Animalia,Arthropoda,Insecta,Diptera,,,,,811,,Diptera,Diptera,Cerro_Hoya_Expedition_Hoya_1416m_fondoGorila_2025-01-27,fondoGorila_2025_01_27__19_21_05_HDR0_0_Mothbot_yolo11m_4500_imgsz1600_b1_2024-01-18.pt.jpg,HS,Mothbot_yolo11m_4500_imgsz1600_b1_2024-01-18.pt,0.7784230709075928,,fondoGorila,Cerro_Hoya_Expedition/Hoya_1416m_fondoGorila_2025-01-27/2025-01-27/patches/fondoGorila_2025_01_27__19_21_05_HDR0_0_Mothbot_yolo11m_4500_imgsz1600_b1_2024-01-18.pt.jpg,ORDER_Diptera,2025-01-27,19:21:05,,2025_01_27__19_21_05,MachineObservation,Cerro_Hoya_Expedition_Hoya_1416m_fondoGorila_2025-01-27_2025-01-27,Cerro_Hoya_Expedition_Hoya_1416m_fondoGorila_2025-01-27,fondoGorila_2025_01_27__19_21_05_HDR0.jpg,fondoGorila_2025_01_27__19_21_05_HDR0_0_Mothbot_yolo11m_4500_imgsz1600_b1_2024-01-18.pt.jpg
doi.org10.15468dl.6nxkw6.csv,Animalia,Arthropoda,Insecta,Diptera,,,,,811,,Diptera,Diptera,Cerro_Hoya_Expedition_Hoya_1416m_fondoGorila_2025-01-27,fondoGorila_2025_01_27__19_28_06_HDR0_0_Mothbot_yolo11m_4500_imgsz1600_b1_2024-01-18.pt.jpg,HS,Mothbot_yolo11m_4500_imgsz1600_b1_2024-01-18.pt,0.8455642461776733,,fondoGorila,Cerro_Hoya_Expedition/Hoya_1416m_fondoGorila_2025-01-27/2025-01-27/patches/fondoGorila_2025_01_27__19_28_06_HDR0_0_Mothbot_yolo11m_4500_imgsz1600_b1_2024-01-18.pt.jpg,ORDER_Diptera,2025-01-27,19:28:06,,2025_01_27__19_28_06,MachineObservation,Cerro_Hoya_Expedition_Hoya_1416m_fondoGorila_2025-01-27_2025-01-27,Cerro_Hoya_Expedition_Hoya_1416m_fondoGorila_2025-01-27,fondoGorila_2025_01_27__19_28_06_HDR0.jpg,fondoGorila_2025_01_27__19_28_06_HDR0_0_Mothbot_yolo11m_4500_imgsz1600_b1_2024-01-18.pt.jpg
doi.org10.15468dl.6nxkw6.csv,Animalia,Arthropoda,Insecta,Lepidoptera,,,,,797,,Lepidoptera,Lepidoptera,Cerro_Hoya_Expedition_Hoya_1416m_fondoGorila_2025-01-27,fondoGorila_2025_01_27__21_20_06_HDR0_0_Mothbot_yolo11m_4500_imgsz1600_b1_2024-01-18.pt.jpg,HS,Mothbot_yolo11m_4500_imgsz1600_b1_2024-01-18.pt,0.746023952960968,,fondoGorila,Cerro_Hoya_Expedition/Hoya_1416m_fondoGorila_2025-01-27/2025-01-27/patches/fondoGorila_2025_01_27__21_20_06_HDR0_0_Mothbot_yolo11m_4500_imgsz1600_b1_2024-01-18.pt.jpg,ORDER_Lepidoptera,2025-01-27,21:20:06,,2025_01_27__21_20_06,MachineObservation,Cerro_Hoya_Expedition_Hoya_1416m_fondoGorila_2025-01-27_2025-01-27,Cerro_Hoya_Expedition_Hoya_1416m_fondoGorila_2025-01-27,fondoGorila_2025_01_27__21_20_06_HDR0.jpg,fondoGorila_2025_01_27__21_20_06_HDR0_0_Mothbot_yolo11m_4500_imgsz1600_b1_2024-01-18.pt.jpg
doi.org10.15468dl.6nxkw6.csv,Animalia,Arthropoda,Insecta,Lepidoptera,,,,,797,,Lepidoptera,Lepidoptera,Cerro_Hoya_Expedition_Hoya_1416m_fondoGorila_2025-01-27,fondoGorila_2025_01_27__21_54_06_HDR0_0_Mothbot_yolo11m_4500_imgsz1600_b1_2024-01-18.pt.jpg,HS,Mothbot_yolo11m_4500_imgsz1600_b1_2024-01-18.pt,0.7864716649055481,,fondoGorila,Cerro_Hoya_Expedition/Hoya_1416m_fondoGorila_2025-01-27/2025-01-27/patches/fondoGorila_2025_01_27__21_54_06_HDR0_0_Mothbot_yolo11m_4500_imgsz1600_b1_2024-01-18.pt.jpg,ORDER_Lepidoptera,2025-01-27,21:54:06,,2025_01_27__21_54_06,MachineObservation,Cerro_Hoya_Expedition_Hoya_1416m_fondoGorila_2025-01-27_2025-01-27,Cerro_Hoya_Expedition_Hoya_1416m_fondoGorila_2025-01-27,fondoGorila_2025_01_27__21_54_06_HDR0.jpg,fondoGorila_2025_01_27__21_54_06_HDR0_0_Mothbot_yolo11m_4500_imgsz1600_b1_2024-01-18.pt.jpg
doi.org10.15468dl.6nxkw6.csv,Animalia,Arthropoda,Insecta,Diptera,,,,,811,,Diptera,Diptera,Cerro_Hoya_Expedition_Hoya_1416m_fondoGorila_2025-01-27,fondoGorila_2025_01_27__23_25_05_HDR0_0_Mothbot_yolo11m_4500_imgsz1600_b1_2024-01-18.pt.jpg,HS,Mothbot_yolo11m_4500_imgsz1600_b1_2024-01-18.pt,0.8363721966743469,,fondoGorila,Cerro_Hoya_Expedition/Hoya_1416m_fondoGorila_2025-01-27/2025-01-27/patches/fondoGorila_2025_01_27__23_25_05_HDR0_0_Mothbot_yolo11m_4500_imgsz1600_b1_2024-01-18.pt.jpg,ORDER_Diptera,2025-01-27,23:25:05,,2025_01_27__23_25_05,MachineObservation,Cerro_Hoya_Expedition_Hoya_1416m_fondoGorila_2025-01-27_2025-01-27,Cerro_Hoya_Expedition_Hoya_1416m_fondoGorila_2025-01-27,fondoGorila_2025_01_27__23_25_05_HDR0.jpg,fondoGorila_2025_01_27__23_25_05_HDR0_0_Mothbot_yolo11m_4500_imgsz1600_b1_2024-01-18.pt.jpg
doi.org10.15468dl.6nxkw6.csv,Animalia,Arthropoda,Insecta,Diptera,,,,,811,,Diptera,Diptera,Cerro_Hoya_Expedition_Hoya_1416m_fondoGorila_2025-01-27,fondoGorila_2025_01_27__23_26_06_HDR0_0_Mothbot_yolo11m_4500_imgsz1600_b1_2024-01-18.pt.jpg,HS,Mothbot_yolo11m_4500_imgsz1600_b1_2024-01-18.pt,0.757559061050415,,fondoGorila,Cerro_Hoya_Expedition/Hoya_1416m_fondoGorila_2025-01-27/2025-01-27/patches/fondoGorila_2025_01_27__23_26_06_HDR0_0_Mothbot_yolo11m_4500_imgsz1600_b1_2024-01-18.pt.jpg,ORDER_Diptera,2025-01-27,23:26:06,,2025_01_27__23_26_06,MachineObservation,Cerro_Hoya_Expedition_Hoya_1416m_fondoGorila_2025-01-27_2025-01-27,Cerro_Hoya_Expedition_Hoya_1416m_fondoGorila_2025-01-27,fondoGorila_2025_01_27__23_26_06_HDR0.jpg,fondoGorila_2025_01_27__23_26_06_HDR0_0_Mothbot_yolo11m_4500_imgsz1600_b1_2024-01-18.pt.jpg
doi.org10.15468dl.6nxkw6.csv,Animalia,Arthropoda,Insecta,Hymenoptera,,,,,1457,,Hymenoptera,Hymenoptera,Cerro_Hoya_Expedition_Hoya_1416m_fondoGorila_2025-01-27,fondoGorila_2025_01_27__23_32_06_HDR0_0_Mothbot_yolo11m_4500_imgsz1600_b1_2024-01-18.pt.jpg,HS,Mothbot_yolo11m_4500_imgsz1600_b1_2024-01-18.pt,0.8214607834815979,,fondoGorila,Cerro_Hoya_Expedition/Hoya_1416m_fondoGorila_2025-01-27/2025-01-27/patches/fondoGorila_2025_01_27__23_32_06_HDR0_0_Mothbot_yolo11m_4500_imgsz1600_b1_2024-01-18.pt.jpg,ORDER_Hymenoptera,2025-01-27,23:32:06,,2025_01_27__23_32_06,MachineObservation,Cerro_Hoya_Expedition_Hoya_1416m_fondoGorila_2025-01-27_2025-01-27,Cerro_Hoya_Expedition_Hoya_1416m_fondoGorila_2025-01-27,fondoGorila_2025_01_27__23_32_06_HDR0.jpg,fondoGorila_2025_01_27__23_32_06_HDR0_0_Mothbot_yolo11m_4500_imgsz1600_b1_2024-01-18.pt.jpg
doi.org10.15468dl.6nxkw6.csv,Animalia,Arthropoda,Insecta,Hymenoptera,,,,,1457,,Hymenoptera,Hymenoptera,Cerro_Hoya_Expedition_Hoya_1416m_fondoGorila_2025-01-27,fondoGorila_2025_01_27__23_33_06_HDR0_0_Mothbot_yolo11m_4500_imgsz1600_b1_2024-01-18.pt.jpg,HS,Mothbot_yolo11m_4500_imgsz1600_b1_2024-01-18.pt,0.6586169600486755,,fondoGorila,Cerro_Hoya_Expedition/Hoya_1416m_fondoGorila_2025-01-27/2025-01-27/patches/fondoGorila_2025_01_27__23_33_06_HDR0_0_Mothbot_yolo11m_4500_imgsz1600_b1_2024-01-18.pt.jpg,ORDER_Mecoptera,2025-01-27,23:33:06,,2025_01_27__23_33_06,MachineObservation,Cerro_Hoya_Expedition_Hoya_1416m_fondoGorila_2025-01-27_2025-01-27,Cerro_Hoya_Expedition_Hoya_1416m_fondoGorila_2025-01-27,fondoGorila_2025_01_27__23_33_06_HDR0.jpg,fondoGorila_2025_01_27__23_33_06_HDR0_0_Mothbot_yolo11m_4500_imgsz1600_b1_2024-01-18.pt.jpg
doi.org10.15468dl.6nxkw6.csv,Animalia,Arthropoda,Insecta,,,,,,216,,Insecta,Insecta,Cerro_Hoya_Expedition_Hoya_1416m_fondoGorila_2025-01-27,fondoGorila_2025_01_27__23_35_06_HDR0_0_Mothbot_yolo11m_4500_imgsz1600_b1_2024-01-18.pt.jpg,HS,Mothbot_yolo11m_4500_imgsz1600_b1_2024-01-18.pt,0.2656770646572113,,fondoGorila,Cerro_Hoya_Expedition/Hoya_1416m_fondoGorila_2025-01-27/2025-01-27/patches/fondoGorila_2025_01_27__23_35_06_HDR0_0_Mothbot_yolo11m_4500_imgsz1600_b1_2024-01-18.pt.jpg,ORDER_Hemiptera,2025-01-27,23:35:06,,2025_01_27__23_35_06,MachineObservation,Cerro_Hoya_Expedition_Hoya_1416m_fondoGorila_2025-01-27_2025-01-27,Cerro_Hoya_Expedition_Hoya_1416m_fondoGorila_2025-01-27,fondoGorila_2025_01_27__23_35_06_HDR0.jpg,fondoGorila_2025_01_27__23_35_06_HDR0_0_Mothbot_yolo11m_4500_imgsz1600_b1_2024-01-18.pt.jpg
doi.org10.15468dl.6nxkw6.csv,Animalia,Arthropoda,Insecta,Diptera,,,,,811,,Diptera,Diptera,Cerro_Hoya_Expedition_Hoya_1416m_fondoGorila_2025-01-27,fondoGorila_2025_01_27__23_38_06_HDR0_0_Mothbot_yolo11m_4500_imgsz1600_b1_2024-01-18.pt.jpg,HS,Mothbot_yolo11m_4500_imgsz1600_b1_2024-01-18.pt,0.7957188487052917,,fondoGorila,Cerro_Hoya_Expedition/Hoya_1416m_fondoGorila_2025-01-27/2025-01-27/patches/fondoGorila_2025_01_27__23_38_06_HDR0_0_Mothbot_yolo11m_4500_imgsz1600_b1_2024-01-18.pt.jpg,ORDER_Diptera,2025-01-27,23:38:06,,2025_01_27__23_38_06,MachineObservation,Cerro_Hoya_Expedition_Hoya_1416m_fondoGorila_2025-01-27_2025-01-27,Cerro_Hoya_Expedition_Hoya_1416m_fondoGorila_2025-01-27,fondoGorila_2025_01_27__23_38_06_HDR0.jpg,fondoGorila_2025_01_27__23_38_06_HDR0_0_Mothbot_yolo11m_4500_imgsz1600_b1_2024-01-18.pt.jpg
doi.org10.15468dl.6nxkw6.csv,Animalia,Arthropoda,Insecta,Diptera,,,,,811,,Diptera,Diptera,Cerro_Hoya_Expedition_Hoya_1416m_fondoGorila_2025-01-27,fondoGorila_2025_01_27__23_39_06_HDR0_0_Mothbot_yolo11m_4500_imgsz1600_b1_2024-01-18.pt.jpg,HS,Mothbot_yolo11m_4500_imgsz1600_b1_2024-01-18.pt,0.7984229326248169,,fondoGorila,Cerro_Hoya_Expedition/Hoya_1416m_fondoGorila_2025-01-27/2025-01-27/patches/fondoGorila_2025_01_27__23_39_06_HDR0_0_Mothbot_yolo11m_4500_imgsz1600_b1_2024-01-18.pt.jpg,ORDER_Diptera,2025-01-27,23:39:06,,2025_01_27__23_39_06,MachineObservation,Cerro_Hoya_Expedition_Hoya_1416m_fondoGorila_2025-01-27_2025-01-27,Cerro_Hoya_Expedition_Hoya_1416m_fondoGorila_2025-01-27,fondoGorila_2025_01_27__23_39_06_HDR0.jpg,fondoGorila_2025_01_27__23_39_06_HDR0_0_Mothbot_yolo11m_4500_imgsz1600_b1_2024-01-18.pt.jpg
doi.org10.15468dl.6nxkw6.csv,Animalia,Arthropoda,Insecta,Diptera,,,,,811,,Diptera,Diptera,Cerro_Hoya_Expedition_Hoya_1416m_fondoGorila_2025-01-27,fondoGorila_2025_01_27__23_56_06_HDR0_0_Mothbot_yolo11m_4500_imgsz1600_b1_2024-01-18.pt.jpg,HS,Mothbot_yolo11m_4500_imgsz1600_b1_2024-01-18.pt,0.7820394039154053,,fondoGorila,Cerro_Hoya_Expedition/Hoya_1416m_fondoGorila_2025-01-27/2025-01-27/patches/fondoGorila_2025_01_27__23_56_06_HDR0_0_Mothbot_yolo11m_4500_imgsz1600_b1_2024-01-18.pt.jpg,ORDER_Diptera,2025-01-27,23:56:06,,2025_01_27__23_56_06,MachineObservation,Cerro_Hoya_Expedition_Hoya_1416m_fondoGorila_2025-01-27_2025-01-27,Cerro_Hoya_Expedition_Hoya_1416m_fondoGorila_2025-01-27,fondoGorila_2025_01_27__23_56_06_HDR0.jpg,fondoGorila_2025_01_27__23_56_06_HDR0_0_Mothbot_yolo11m_4500_imgsz1600_b1_2024-01-18.pt.jpg
doi.org10.15468dl.6nxkw6.csv,Animalia,Arthropoda,Insecta,Diptera,,,,,811,,Diptera,Diptera,Cerro_Hoya_Expedition_Hoya_1416m_fondoGorila_2025-01-27,fondoGorila_2025_01_27__23_58_06_HDR0_0_Mothbot_yolo11m_4500_imgsz1600_b1_2024-01-18.pt.jpg,HS,Mothbot_yolo11m_4500_imgsz1600_b1_2024-01-18.pt,0.7919889092445374,,fondoGorila,Cerro_Hoya_Expedition/Hoya_1416m_fondoGorila_2025-01-27/2025-01-27/patches/fondoGorila_2025_01_27__23_58_06_HDR0_0_Mothbot_yolo11m_4500_imgsz1600_b1_2024-01-18.pt.jpg,ORDER_Diptera,2025-01-27,23:58:06,,2025_01_27__23_58_06,MachineObservation,Cerro_Hoya_Expedition_Hoya_1416m_fondoGorila_2025-01-27_2025-01-27,Cerro_Hoya_Expedition_Hoya_1416m_fondoGorila_2025-01-27,fondoGorila_2025_01_27__23_58_06_HDR0.jpg,fondoGorila_2025_01_27__23_58_06_HDR0_0_Mothbot_yolo11m_4500_imgsz1600_b1_2024-01-18.pt.jpg
doi.org10.15468dl.6nxkw6.csv,Animalia,Arthropoda,Insecta,Diptera,,,,,811,,Diptera,Diptera,Cerro_Hoya_Expedition_Hoya_1416m_fondoGorila_2025-01-27,fondoGorila_2025_01_28__02_47_06_HDR0_0_Mothbot_yolo11m_4500_imgsz1600_b1_2024-01-18.pt.jpg,HS,Mothbot_yolo11m_4500_imgsz1600_b1_2024-01-18.pt,0.32696080207824707,,fondoGorila,Cerro_Hoya_Expedition/Hoya_1416m_fondoGorila_2025-01-27/2025-01-27/patches/fondoGorila_2025_01_28__02_47_06_HDR0_0_Mothbot_yolo11m_4500_imgsz1600_b1_2024-01-18.pt.jpg,ORDER_Diptera,2025-01-28,02:47:06,,2025_01_28__02_47_06,MachineObservation,Cerro_Hoya_Expedition_Hoya_1416m_fondoGorila_2025-01-27_2025-01-27,Cerro_Hoya_Expedition_Hoya_1416m_fondoGorila_2025-01-27,fondoGorila_2025_01_28__02_47_06_HDR0.jpg,fondoGorila_2025_01_28__02_47_06_HDR0_0_Mothbot_yolo11m_4500_imgsz1600_b1_2024-01-18.pt.jpg
,,,,,,,,,,,,ERROR,Cerro_Hoya_Expedition_Hoya_1416m_fondoGorila_2025-01-27,fondoGorila_2025_01_28__02_52_06_HDR0_0_Mothbot_yolo11m_4500_imgsz1600_b1_2024-01-18.pt.jpg,HS,Mothbot_yolo11m_4500_imgsz1600_b1_2024-01-18.pt,0.3832847476005554,,fondoGorila,Cerro_Hoya_Expedition/Hoya_1416m_fondoGorila_2025-01-27/2025-01-27/patches/fondoGorila_2025_01_28__02_52_06_HDR0_0_Mothbot_yolo11m_4500_imgsz1600_b1_2024-01-18.pt.jpg,ORDER_Diptera,2025-01-28,02:52:06,,2025_01_28__02_52_06,MachineObservation,Cerro_Hoya_Expedition_Hoya_1416m_fondoGorila_2025-01-27_2025-01-27,Cerro_Hoya_Expedition_Hoya_1416m_fondoGorila_2025-01-27,fondoGorila_2025_01_28__02_52_06_HDR0.jpg,fondoGorila_2025_01_28__02_52_06_HDR0_0_Mothbot_yolo11m_4500_imgsz1600_b1_2024-01-18.pt.jpg
,,,,,,,,,,,,ERROR,Cerro_Hoya_Expedition_Hoya_1416m_fondoGorila_2025-01-27,fondoGorila_2025_01_28__02_53_06_HDR0_0_Mothbot_yolo11m_4500_imgsz1600_b1_2024-01-18.pt.jpg,HS,Mothbot_yolo11m_4500_imgsz1600_b1_2024-01-18.pt,0.4100702106952667,,fondoGorila,Cerro_Hoya_Expedition/Hoya_1416m_fondoGorila_2025-01-27/2025-01-27/patches/fondoGorila_2025_01_28__02_53_06_HDR0_0_Mothbot_yolo11m_4500_imgsz1600_b1_2024-01-18.pt.jpg,ORDER_Diptera,2025-01-28,02:53:06,,2025_01_28__02_53_06,MachineObservation,Cerro_Hoya_Expedition_Hoya_1416m_fondoGorila_2025-01-27_2025-01-27,Cerro_Hoya_Expedition_Hoya_1416m_fondoGorila_2025-01-27,fondoGorila_2025_01_28__02_53_06_HDR0.jpg,fondoGorila_2025_01_28__02_53_06_HDR0_0_Mothbot_yolo11m_4500_imgsz1600_b1_2024-01-18.pt.jpg
,,,,,,,,,,,,ERROR,Cerro_Hoya_Expedition_Hoya_1416m_fondoGorila_2025-01-27,fondoGorila_2025_01_28__02_54_06_HDR0_0_Mothbot_yolo11m_4500_imgsz1600_b1_2024-01-18.pt.jpg,HS,Mothbot_yolo11m_4500_imgsz1600_b1_2024-01-18.pt,0.4074055850505829,,fondoGorila,Cerro_Hoya_Expedition/Hoya_1416m_fondoGorila_2025-01-27/2025-01-27/patches/fondoGorila_2025_01_28__02_54_06_HDR0_0_Mothbot_yolo11m_4500_imgsz1600_b1_2024-01-18.pt.jpg,ORDER_Diptera,2025-01-28,02:54:06,,2025_01_28__02_54_06,MachineObservation,Cerro_Hoya_Expedition_Hoya_1416m_fondoGorila_2025-01-27_2025-01-27,Cerro_Hoya_Expedition_Hoya_1416m_fondoGorila_2025-01-27,fondoGorila_2025_01_28__02_54_06_HDR0.jpg,fondoGorila_2025_01_28__02_54_06_HDR0_0_Mothbot_yolo11m_4500_imgsz1600_b1_2024-01-18.pt.jpg
,,,,,,,,,,,,ERROR,Cerro_Hoya_Expedition_Hoya_1416m_fondoGorila_2025-01-27,fondoGorila_2025_01_28__02_55_05_HDR0_0_Mothbot_yolo11m_4500_imgsz1600_b1_2024-01-18.pt.jpg,HS,Mothbot_yolo11m_4500_imgsz1600_b1_2024-01-18.pt,0.4611441493034363,,fondoGorila,Cerro_Hoya_Expedition/Hoya_1416m_fondoGorila_2025-01-27/2025-01-27/patches/fondoGorila_2025_01_28__02_55_05_HDR0_0_Mothbot_yolo11m_4500_imgsz1600_b1_2024-01-18.pt.jpg,ORDER_Diptera,2025-01-28,02:55:05,,2025_01_28__02_55_05,MachineObservation,Cerro_Hoya_Expedition_Hoya_1416m_fondoGorila_2025-01-27_2025-01-27,Cerro_Hoya_Expedition_Hoya_1416m_fondoGorila_2025-01-27,fondoGorila_2025_01_28__02_55_05_HDR0.jpg,fondoGorila_2025_01_28__02_55_05_HDR0_0_Mothbot_yolo11m_4500_imgsz1600_b1_2024-01-18.pt.jpg
,,,,,,,,,,,,ERROR,Cerro_Hoya_Expedition_Hoya_1416m_fondoGorila_2025-01-27,fondoGorila_2025_01_28__02_56_06_HDR0_0_Mothbot_yolo11m_4500_imgsz1600_b1_2024-01-18.pt.jpg,HS,Mothbot_yolo11m_4500_imgsz1600_b1_2024-01-18.pt,0.4202518165111542,,fondoGorila,Cerro_Hoya_Expedition/Hoya_1416m_fondoGorila_2025-01-27/2025-01-27/patches/fondoGorila_2025_01_28__02_56_06_HDR0_0_Mothbot_yolo11m_4500_imgsz1600_b1_2024-01-18.pt.jpg,ORDER_Diptera,2025-01-28,02:56:06,,2025_01_28__02_56_06,MachineObservation,Cerro_Hoya_Expedition_Hoya_1416m_fondoGorila_2025-01-27_2025-01-27,Cerro_Hoya_Expedition_Hoya_1416m_fondoGorila_2025-01-27,fondoGorila_2025_01_28__02_56_06_HDR0.jpg,fondoGorila_2025_01_28__02_56_06_HDR0_0_Mothbot_yolo11m_4500_imgsz1600_b1_2024-01-18.pt.jpg
doi.org10.15468dl.6nxkw6.csv,Animalia,Arthropoda,Insecta,Lepidoptera,,,,,797,,Lepidoptera,Lepidoptera,Cerro_Hoya_Expedition_Hoya_1416m_fondoGorila_2025-01-27,fondoGorila_2025_01_28__02_58_06_HDR0_0_Mothbot_yolo11m_4500_imgsz1600_b1_2024-01-18.pt.jpg,HS,Mothbot_yolo11m_4500_imgsz1600_b1_2024-01-18.pt,0.6116328239440918,,fondoGorila,Cerro_Hoya_Expedition/Hoya_1416m_fondoGorila_2025-01-27/2025-01-27/patches/fondoGorila_2025_01_28__02_58_06_HDR0_0_Mothbot_yolo11m_4500_imgsz1600_b1_2024-01-18.pt.jpg,ORDER_Lepidoptera,2025-01-28,02:58:06,,2025_01_28__02_58_06,MachineObservation,Cerro_Hoya_Expedition_Hoya_1416m_fondoGorila_2025-01-27_2025-01-27,Cerro_Hoya_Expedition_Hoya_1416m_fondoGorila_2025-01-27,fondoGorila_2025_01_28__02_58_06_HDR0.jpg,fondoGorila_2025_01_28__02_58_06_HDR0_0_Mothbot_yolo11m_4500_imgsz1600_b1_2024-01-18.pt.jpg
,,,,,,,,,,,,ERROR,Cerro_Hoya_Expedition_Hoya_1416m_fondoGorila_2025-01-27,fondoGorila_2025_01_28__02_58_06_HDR0_1_Mothbot_yolo11m_4500_imgsz1600_b1_2024-01-18.pt.jpg,HS,Mothbot_yolo11m_4500_imgsz1600_b1_2024-01-18.pt,0.5035331845283508,,fondoGorila,Cerro_Hoya_Expedition/Hoya_1416m_fondoGorila_2025-01-27/2025-01-27/patches/fondoGorila_2025_01_28__02_58_06_HDR0_1_Mothbot_yolo11m_4500_imgsz1600_b1_2024-01-18.pt.jpg,ORDER_Diptera,2025-01-28,02:58:06,,2025_01_28__02_58_06,MachineObservation,Cerro_Hoya_Expedition_Hoya_1416m_fondoGorila_2025-01-27_2025-01-27,Cerro_Hoya_Expedition_Hoya_1416m_fondoGorila_2025-01-27,fondoGorila_2025_01_28__02_58_06_HDR0.jpg,fondoGorila_2025_01_28__02_58_06_HDR0_1_Mothbot_yolo11m_4500_imgsz1600_b1_2024-01-18.pt.jpg
,,,,,,,,,,,,ERROR,Cerro_Hoya_Expedition_Hoya_1416m_fondoGorila_2025-01-27,fondoGorila_2025_01_28__02_59_06_HDR0_0_Mothbot_yolo11m_4500_imgsz1600_b1_2024-01-18.pt.jpg,HS,Mothbot_yolo11m_4500_imgsz1600_b1_2024-01-18.pt,0.4477871358394623,,fondoGorila,Cerro_Hoya_Expedition/Hoya_1416m_fondoGorila_2025-01-27/2025-01-27/patches/fondoGorila_2025_01_28__02_59_06_HDR0_0_Mothbot_yolo11m_4500_imgsz1600_b1_2024-01-18.pt.jpg,ORDER_Lepidoptera,2025-01-28,02:59:06,,2025_01_28__02_59_06,MachineObservation,Cerro_Hoya_Expedition_Hoya_1416m_fondoGorila_2025-01-27_2025-01-27,Cerro_Hoya_Expedition_Hoya_1416m_fondoGorila_2025-01-27,fondoGorila_2025_01_28__02_59_06_HDR0.jpg,fondoGorila_2025_01_28__02_59_06_HDR0_0_Mothbot_yolo11m_4500_imgsz1600_b1_2024-01-18.pt.jpg
,,,,,,,,,,,,ERROR,Cerro_Hoya_Expedition_Hoya_1416m_fondoGorila_2025-01-27,fondoGorila_2025_01_28__04_01_24_HDR0_0_Mothbot_yolo11m_4500_imgsz1600_b1_2024-01-18.pt.jpg,HS,Mothbot_yolo11m_4500_imgsz1600_b1_2024-01-18.pt,0.8187812566757202,,fondoGorila,Cerro_Hoya_Expedition/Hoya_1416m_fondoGorila_2025-01-27/2025-01-27/patches/fondoGorila_2025_01_28__04_01_24_HDR0_0_Mothbot_yolo11m_4500_imgsz1600_b1_2024-01-18.pt.jpg,ORDER_Diptera,2025-01-28,04:01:24,,2025_01_28__04_01_24,MachineObservation,Cerro_Hoya_Expedition_Hoya_1416m_fondoGorila_2025-01-27_2025-01-27,Cerro_Hoya_Expedition_Hoya_1416m_fondoGorila_2025-01-27,fondoGorila_2025_01_28__04_01_24_HDR0.jpg,fondoGorila_2025_01_28__04_01_24_HDR0_0_Mothbot_yolo11m_4500_imgsz1600_b1_2024-01-18.pt.jpg
,,,,,,,,,,,,ERROR,Cerro_Hoya_Expedition_Hoya_1416m_fondoGorila_2025-01-27,fondoGorila_2025_01_28__04_02_06_HDR0_0_Mothbot_yolo11m_4500_imgsz1600_b1_2024-01-18.pt.jpg,HS,Mothbot_yolo11m_4500_imgsz1600_b1_2024-01-18.pt,0.8220371007919312,,fondoGorila,Cerro_Hoya_Expedition/Hoya_1416m_fondoGorila_2025-01-27/2025-01-27/patches/fondoGorila_2025_01_28__04_02_06_HDR0_0_Mothbot_yolo11m_4500_imgsz1600_b1_2024-01-18.pt.jpg,ORDER_Diptera,2025-01-28,04:02:06,,2025_01_28__04_02_06,MachineObservation,Cerro_Hoya_Expedition_Hoya_1416m_fondoGorila_2025-01-27_2025-01-27,Cerro_Hoya_Expedition_Hoya_1416m_fondoGorila_2025-01-27,fondoGorila_2025_01_28__04_02_06_HDR0.jpg,fondoGorila_2025_01_28__04_02_06_HDR0_0_Mothbot_yolo11m_4500_imgsz1600_b1_2024-01-18.pt.jpg
,,,,,,,,,,,,ERROR,Cerro_Hoya_Expedition_Hoya_1416m_fondoGorila_2025-01-27,fondoGorila_2025_01_28__04_03_06_HDR0_0_Mothbot_yolo11m_4500_imgsz1600_b1_2024-01-18.pt.jpg,HS,Mothbot_yolo11m_4500_imgsz1600_b1_2024-01-18.pt,0.8340798616409302,,fondoGorila,Cerro_Hoya_Expedition/Hoya_1416m_fondoGorila_2025-01-27/2025-01-27/patches/fondoGorila_2025_01_28__04_03_06_HDR0_0_Mothbot_yolo11m_4500_imgsz1600_b1_2024-01-18.pt.jpg,ORDER_Diptera,2025-01-28,04:03:06,,2025_01_28__04_03_06,MachineObservation,Cerro_Hoya_Expedition_Hoya_1416m_fondoGorila_2025-01-27_2025-01-27,Cerro_Hoya_Expedition_Hoya_1416m_fondoGorila_2025-01-27,fondoGorila_2025_01_28__04_03_06_HDR0.jpg,fondoGorila_2025_01_28__04_03_06_HDR0_0_Mothbot_yolo11m_4500_imgsz1600_b1_2024-01-18.pt.jpg
,,,,,,,,,,,,ERROR,Cerro_Hoya_Expedition_Hoya_1416m_fondoGorila_2025-01-27,fondoGorila_2025_01_28__04_04_06_HDR0_0_Mothbot_yolo11m_4500_imgsz1600_b1_2024-01-18.pt.jpg,HS,Mothbot_yolo11m_4500_imgsz1600_b1_2024-01-18.pt,0.8321977257728577,,fondoGorila,Cerro_Hoya_Expedition/Hoya_1416m_fondoGorila_2025-01-27/2025-01-27/patches/fondoGorila_2025_01_28__04_04_06_HDR0_0_Mothbot_yolo11m_4500_imgsz1600_b1_2024-01-18.pt.jpg,ORDER_Diptera,2025-01-28,04:04:06,,2025_01_28__04_04_06,MachineObservation,Cerro_Hoya_Expedition_Hoya_1416m_fondoGorila_2025-01-27_2025-01-27,Cerro_Hoya_Expedition_Hoya_1416m_fondoGorila_2025-01-27,fondoGorila_2025_01_28__04_04_06_HDR0.jpg,fondoGorila_2025_01_28__04_04_06_HDR0_0_Mothbot_yolo11m_4500_imgsz1600_b1_2024-01-18.pt.jpg
,,,,,,,,,,,,ERROR,Cerro_Hoya_Expedition_Hoya_1416m_fondoGorila_2025-01-27,fondoGorila_2025_01_28__04_05_06_HDR0_0_Mothbot_yolo11m_4500_imgsz1600_b1_2024-01-18.pt.jpg,HS,Mothbot_yolo11m_4500_imgsz1600_b1_2024-01-18.pt,0.8203740119934082,,fondoGorila,Cerro_Hoya_Expedition/Hoya_1416m_fondoGorila_2025-01-27/2025-01-27/patches/fondoGorila_2025_01_28__04_05_06_HDR0_0_Mothbot_yolo11m_4500_imgsz1600_b1_2024-01-18.pt.jpg,ORDER_Diptera,2025-01-28,04:05:06,,2025_01_28__04_05_06,MachineObservation,Cerro_Hoya_Expedition_Hoya_1416m_fondoGorila_2025-01-27_2025-01-27,Cerro_Hoya_Expedition_Hoya_1416m_fondoGorila_2025-01-27,fondoGorila_2025_01_28__04_05_06_HDR0.jpg,fondoGorila_2025_01_28__04_05_06_HDR0_0_Mothbot_yolo11m_4500_imgsz1600_b1_2024-01-18.pt.jpg
,,,,,,,,,,,,ERROR,Cerro_Hoya_Expedition_Hoya_1416m_fondoGorila_2025-01-27,fondoGorila_2025_01_28__04_06_06_HDR0_0_Mothbot_yolo11m_4500_imgsz1600_b1_2024-01-18.pt.jpg,HS,Mothbot_yolo11m_4500_imgsz1600_b1_2024-01-18.pt,0.818509042263031,,fondoGorila,Cerro_Hoya_Expedition/Hoya_1416m_fondoGorila_2025-01-27/2025-01-27/patches/fondoGorila_2025_01_28__04_06_06_HDR0_0_Mothbot_yolo11m_4500_imgsz1600_b1_2024-01-18.pt.jpg,ORDER_Diptera,2025-01-28,04:06:06,,2025_01_28__04_06_06,MachineObservation,Cerro_Hoya_Expedition_Hoya_1416m_fondoGorila_2025-01-27_2025-01-27,Cerro_Hoya_Expedition_Hoya_1416m_fondoGorila_2025-01-27,fondoGorila_2025_01_28__04_06_06_HDR0.jpg,fondoGorila_2025_01_28__04_06_06_HDR0_0_Mothbot_yolo11m_4500_imgsz1600_b1_2024-01-18.pt.jpg
,,,,,,,,,,,,ERROR,Cerro_Hoya_Expedition_Hoya_1416m_fondoGorila_2025-01-27,fondoGorila_2025_01_28__04_07_05_HDR0_0_Mothbot_yolo11m_4500_imgsz1600_b1_2024-01-18.pt.jpg,HS,Mothbot_yolo11m_4500_imgsz1600_b1_2024-01-18.pt,0.8208244442939758,,fondoGorila,Cerro_Hoya_Expedition/Hoya_1416m_fondoGorila_2025-01-27/2025-01-27/patches/fondoGorila_2025_01_28__04_07_05_HDR0_0_Mothbot_yolo11m_4500_imgsz1600_b1_2024-01-18.pt.jpg,ORDER_Diptera,2025-01-28,04:07:05,,2025_01_28__04_07_05,MachineObservation,Cerro_Hoya_Expedition_Hoya_1416m_fondoGorila_2025-01-27_2025-01-27,Cerro_Hoya_Expedition_Hoya_1416m_fondoGorila_2025-01-27,fondoGorila_2025_01_28__04_07_05_HDR0.jpg,fondoGorila_2025_01_28__04_07_05_HDR0_0_Mothbot_yolo11m_4500_imgsz1600_b1_2024-01-18.pt.jpg
,,,,,,,,,,,,ERROR,Cerro_Hoya_Expedition_Hoya_1416m_fondoGorila_2025-01-27,fondoGorila_2025_01_28__04_08_22_HDR0_0_Mothbot_yolo11m_4500_imgsz1600_b1_2024-01-18.pt.jpg,HS,Mothbot_yolo11m_4500_imgsz1600_b1_2024-01-18.pt,0.8165730834007263,,fondoGorila,Cerro_Hoya_Expedition/Hoya_1416m_fondoGorila_2025-01-27/2025-01-27/patches/fondoGorila_2025_01_28__04_08_22_HDR0_0_Mothbot_yolo11m_4500_imgsz1600_b1_2024-01-18.pt.jpg,ORDER_Diptera,2025-01-28,04:08:22,,2025_01_28__04_08_22,MachineObservation,Cerro_Hoya_Expedition_Hoya_1416m_fondoGorila_2025-01-27_2025-01-27,Cerro_Hoya_Expedition_Hoya_1416m_fondoGorila_2025-01-27,fondoGorila_2025_01_28__04_08_22_HDR0.jpg,fondoGorila_2025_01_28__04_08_22_HDR0_0_Mothbot_yolo11m_4500_imgsz1600_b1_2024-01-18.pt.jpg
,,,,,,,,,,,,ERROR,Cerro_Hoya_Expedition_Hoya_1416m_fondoGorila_2025-01-27,fondoGorila_2025_01_28__04_09_06_HDR0_0_Mothbot_yolo11m_4500_imgsz1600_b1_2024-01-18.pt.jpg,HS,Mothbot_yolo11m_4500_imgsz1600_b1_2024-01-18.pt,0.8112895488739014,,fondoGorila,Cerro_Hoya_Expedition/Hoya_1416m_fondoGorila_2025-01-27/2025-01-27/patches/fondoGorila_2025_01_28__04_09_06_HDR0_0_Mothbot_yolo11m_4500_imgsz1600_b1_2024-01-18.pt.jpg,ORDER_Diptera,2025-01-28,04:09:06,,2025_01_28__04_09_06,MachineObservation,Cerro_Hoya_Expedition_Hoya_1416m_fondoGorila_2025-01-27_2025-01-27,Cerro_Hoya_Expedition_Hoya_1416m_fondoGorila_2025-01-27,fondoGorila_2025_01_28__04_09_06_HDR0.jpg,fondoGorila_2025_01_28__04_09_06_HDR0_0_Mothbot_yolo11m_4500_imgsz1600_b1_2024-01-18.pt.jpg
,,,,,,,,,,,,ERROR,Cerro_Hoya_Expedition_Hoya_1416m_fondoGorila_2025-01-27,fondoGorila_2025_01_28__04_10_06_HDR0_0_Mothbot_yolo11m_4500_imgsz1600_b1_2024-01-18.pt.jpg,HS,Mothbot_yolo11m_4500_imgsz1600_b1_2024-01-18.pt,0.8192999958992004,,fondoGorila,Cerro_Hoya_Expedition/Hoya_1416m_fondoGorila_2025-01-27/2025-01-27/patches/fondoGorila_2025_01_28__04_10_06_HDR0_0_Mothbot_yolo11m_4500_imgsz1600_b1_2024-01-18.pt.jpg,ORDER_Diptera,2025-01-28,04:10:06,,2025_01_28__04_10_06,MachineObservation,Cerro_Hoya_Expedition_Hoya_1416m_fondoGorila_2025-01-27_2025-01-27,Cerro_Hoya_Expedition_Hoya_1416m_fondoGorila_2025-01-27,fondoGorila_2025_01_28__04_10_06_HDR0.jpg,fondoGorila_2025_01_28__04_10_06_HDR0_0_Mothbot_yolo11m_4500_imgsz1600_b1_2024-01-18.pt.jpg
,,,,,,,,,,,,ERROR,Cerro_Hoya_Expedition_Hoya_1416m_fondoGorila_2025-01-27,fondoGorila_2025_01_28__04_11_06_HDR0_0_Mothbot_yolo11m_4500_imgsz1600_b1_2024-01-18.pt.jpg,HS,Mothbot_yolo11m_4500_imgsz1600_b1_2024-01-18.pt,0.8292145729064941,,fondoGorila,Cerro_Hoya_Expedition/Hoya_1416m_fondoGorila_2025-01-27/2025-01-27/patches/fondoGorila_2025_01_28__04_11_06_HDR0_0_Mothbot_yolo11m_4500_imgsz1600_b1_2024-01-18.pt.jpg,ORDER_Diptera,2025-01-28,04:11:06,,2025_01_28__04_11_06,MachineObservation,Cerro_Hoya_Expedition_Hoya_1416m_fondoGorila_2025-01-27_2025-01-27,Cerro_Hoya_Expedition_Hoya_1416m_fondoGorila_2025-01-27,fondoGorila_2025_01_28__04_11_06_HDR0.jpg,fondoGorila_2025_01_28__04_11_06_HDR0_0_Mothbot_yolo11m_4500_imgsz1600_b1_2024-01-18.pt.jpg
,,,,,,,,,,,,ERROR,Cerro_Hoya_Expedition_Hoya_1416m_fondoGorila_2025-01-27,fondoGorila_2025_01_28__04_12_05_HDR0_0_Mothbot_yolo11m_4500_imgsz1600_b1_2024-01-18.pt.jpg,HS,Mothbot_yolo11m_4500_imgsz1600_b1_2024-01-18.pt,0.8199206590652466,,fondoGorila,Cerro_Hoya_Expedition/Hoya_1416m_fondoGorila_2025-01-27/2025-01-27/patches/fondoGorila_2025_01_28__04_12_05_HDR0_0_Mothbot_yolo11m_4500_imgsz1600_b1_2024-01-18.pt.jpg,ORDER_Diptera,2025-01-28,04:12:05,,2025_01_28__04_12_05,MachineObservation,Cerro_Hoya_Expedition_Hoya_1416m_fondoGorila_2025-01-27_2025-01-27,Cerro_Hoya_Expedition_Hoya_1416m_fondoGorila_2025-01-27,fondoGorila_2025_01_28__04_12_05_HDR0.jpg,fondoGorila_2025_01_28__04_12_05_HDR0_0_Mothbot_yolo11m_4500_imgsz1600_b1_2024-01-18.pt.jpg
,,,,,,,,,,,,ERROR,Cerro_Hoya_Expedition_Hoya_1416m_fondoGorila_2025-01-27,fondoGorila_2025_01_28__04_13_05_HDR0_0_Mothbot_yolo11m_4500_imgsz1600_b1_2024-01-18.pt.jpg,HS,Mothbot_yolo11m_4500_imgsz1600_b1_2024-01-18.pt,0.8356622457504272,,fondoGorila,Cerro_Hoya_Expedition/Hoya_1416m_fondoGorila_2025-01-27/2025-01-27/patches/fondoGorila_2025_01_28__04_13_05_HDR0_0_Mothbot_yolo11m_4500_imgsz1600_b1_2024-01-18.pt.jpg,ORDER_Diptera,2025-01-28,04:13:05,,2025_01_28__04_13_05,MachineObservation,Cerro_Hoya_Expedition_Hoya_1416m_fondoGorila_2025-01-27_2025-01-27,Cerro_Hoya_Expedition_Hoya_1416m_fondoGorila_2025-01-27,fondoGorila_2025_01_28__04_13_05_HDR0.jpg,fondoGorila_2025_01_28__04_13_05_HDR0_0_Mothbot_yolo11m_4500_imgsz1600_b1_2024-01-18.pt.jpg
,,,,,,,,,,,,ERROR,Cerro_Hoya_Expedition_Hoya_1416m_fondoGorila_2025-01-27,fondoGorila_2025_01_28__04_14_06_HDR0_0_Mothbot_yolo11m_4500_imgsz1600_b1_2024-01-18.pt.jpg,HS,Mothbot_yolo11m_4500_imgsz1600_b1_2024-01-18.pt,0.8408111333847046,,fondoGorila,Cerro_Hoya_Expedition/Hoya_1416m_fondoGorila_2025-01-27/2025-01-27/patches/fondoGorila_2025_01_28__04_14_06_HDR0_0_Mothbot_yolo11m_4500_imgsz1600_b1_2024-01-18.pt.jpg,ORDER_Diptera,2025-01-28,04:14:06,,2025_01_28__04_14_06,MachineObservation,Cerro_Hoya_Expedition_Hoya_1416m_fondoGorila_2025-01-27_2025-01-27,Cerro_Hoya_Expedition_Hoya_1416m_fondoGorila_2025-01-27,fondoGorila_2025_01_28__04_14_06_HDR0.jpg,fondoGorila_2025_01_28__04_14_06_HDR0_0_Mothbot_yolo11m_4500_imgsz1600_b1_2024-01-18.pt.jpg
,,,,,,,,,,,,ERROR,Cerro_Hoya_Expedition_Hoya_1416m_fondoGorila_2025-01-27,fondoGorila_2025_01_28__04_15_22_HDR0_0_Mothbot_yolo11m_4500_imgsz1600_b1_2024-01-18.pt.jpg,HS,Mothbot_yolo11m_4500_imgsz1600_b1_2024-01-18.pt,0.8037066459655762,,fondoGorila,Cerro_Hoya_Expedition/Hoya_1416m_fondoGorila_2025-01-27/2025-01-27/patches/fondoGorila_2025_01_28__04_15_22_HDR0_0_Mothbot_yolo11m_4500_imgsz1600_b1_2024-01-18.pt.jpg,ORDER_Diptera,2025-01-28,04:15:22,,2025_01_28__04_15_22,MachineObservation,Cerro_Hoya_Expedition_Hoya_1416m_fondoGorila_2025-01-27_2025-01-27,Cerro_Hoya_Expedition_Hoya_1416m_fondoGorila_2025-01-27,fondoGorila_2025_01_28__04_15_22_HDR0.jpg,fondoGorila_2025_01_28__04_15_22_HDR0_0_Mothbot_yolo11m_4500_imgsz1600_b1_2024-01-18.pt.jpg
,,,,,,,,,,,,ERROR,Cerro_Hoya_Expedition_Hoya_1416m_fondoGorila_2025-01-27,fondoGorila_2025_01_28__04_16_05_HDR0_0_Mothbot_yolo11m_4500_imgsz1600_b1_2024-01-18.pt.jpg,HS,Mothbot_yolo11m_4500_imgsz1600_b1_2024-01-18.pt,0.8079200983047485,,fondoGorila,Cerro_Hoya_Expedition/Hoya_1416m_fondoGorila_2025-01-27/2025-01-27/patches/fondoGorila_2025_01_28__04_16_05_HDR0_0_Mothbot_yolo11m_4500_imgsz1600_b1_2024-01-18.pt.jpg,ORDER_Diptera,2025-01-28,04:16:05,,2025_01_28__04_16_05,MachineObservation,Cerro_Hoya_Expedition_Hoya_1416m_fondoGorila_2025-01-27_2025-01-27,Cerro_Hoya_Expedition_Hoya_1416m_fondoGorila_2025-01-27,fondoGorila_2025_01_28__04_16_05_HDR0.jpg,fondoGorila_2025_01_28__04_16_05_HDR0_0_Mothbot_yolo11m_4500_imgsz1600_b1_2024-01-18.pt.jpg
,,,,,,,,,,,,ERROR,Cerro_Hoya_Expedition_Hoya_1416m_fondoGorila_2025-01-27,fondoGorila_2025_01_28__04_17_05_HDR0_0_Mothbot_yolo11m_4500_imgsz1600_b1_2024-01-18.pt.jpg,HS,Mothbot_yolo11m_4500_imgsz1600_b1_2024-01-18.pt,0.7553144097328186,,fondoGorila,Cerro_Hoya_Expedition/Hoya_1416m_fondoGorila_2025-01-27/2025-01-27/patches/fondoGorila_2025_01_28__04_17_05_HDR0_0_Mothbot_yolo11m_4500_imgsz1600_b1_2024-01-18.pt.jpg,ORDER_Diptera,2025-01-28,04:17:05,,2025_01_28__04_17_05,MachineObservation,Cerro_Hoya_Expedition_Hoya_1416m_fondoGorila_2025-01-27_2025-01-27,Cerro_Hoya_Expedition_Hoya_1416m_fondoGorila_2025-01-27,fondoGorila_2025_01_28__04_17_05_HDR0.jpg,fondoGorila_2025_01_28__04_17_05_HDR0_0_Mothbot_yolo11m_4500_imgsz1600_b1_2024-01-18.pt.jpg
,,,,,,,,,,,,ERROR,Cerro_Hoya_Expedition_Hoya_1416m_fondoGorila_2025-01-27,fondoGorila_2025_01_28__04_18_06_HDR0_0_Mothbot_yolo11m_4500_imgsz1600_b1_2024-01-18.pt.jpg,HS,Mothbot_yolo11m_4500_imgsz1600_b1_2024-01-18.pt,0.7721690535545349,,fondoGorila,Cerro_Hoya_Expedition/Hoya_1416m_fondoGorila_2025-01-27/2025-01-27/patches/fondoGorila_2025_01_28__04_18_06_HDR0_0_Mothbot_yolo11m_4500_imgsz1600_b1_2024-01-18.pt.jpg,ORDER_Diptera,2025-01-28,04:18:06,,2025_01_28__04_18_06,MachineObservation,Cerro_Hoya_Expedition_Hoya_1416m_fondoGorila_2025-01-27_2025-01-27,Cerro_Hoya_Expedition_Hoya_1416m_fondoGorila_2025-01-27,fondoGorila_2025_01_28__04_18_06_HDR0.jpg,fondoGorila_2025_01_28__04_18_06_HDR0_0_Mothbot_yolo11m_4500_imgsz1600_b1_2024-01-18.pt.jpg
,,,,,,,,,,,,ERROR,Cerro_Hoya_Expedition_Hoya_1416m_fondoGorila_2025-01-27,fondoGorila_2025_01_28__04_19_06_HDR0_0_Mothbot_yolo11m_4500_imgsz1600_b1_2024-01-18.pt.jpg,HS,Mothbot_yolo11m_4500_imgsz1600_b1_2024-01-18.pt,0.7833468914031982,,fondoGorila,Cerro_Hoya_Expedition/Hoya_1416m_fondoGorila_2025-01-27/2025-01-27/patches/fondoGorila_2025_01_28__04_19_06_HDR0_0_Mothbot_yolo11m_4500_imgsz1600_b1_2024-01-18.pt.jpg,ORDER_Diptera,2025-01-28,04:19:06,,2025_01_28__04_19_06,MachineObservation,Cerro_Hoya_Expedition_Hoya_1416m_fondoGorila_2025-01-27_2025-01-27,Cerro_Hoya_Expedition_Hoya_1416m_fondoGorila_2025-01-27,fondoGorila_2025_01_28__04_19_06_HDR0.jpg,fondoGorila_2025_01_28__04_19_06_HDR0_0_Mothbot_yolo11m_4500_imgsz1600_b1_2024-01-18.pt.jpg
,,,,,,,,,,,,ERROR,Cerro_Hoya_Expedition_Hoya_1416m_fondoGorila_2025-01-27,fondoGorila_2025_01_28__04_20_06_HDR0_0_Mothbot_yolo11m_4500_imgsz1600_b1_2024-01-18.pt.jpg,HS,Mothbot_yolo11m_4500_imgsz1600_b1_2024-01-18.pt,0.7631009221076965,,fondoGorila,Cerro_Hoya_Expedition/Hoya_1416m_fondoGorila_2025-01-27/2025-01-27/patches/fondoGorila_2025_01_28__04_20_06_HDR0_0_Mothbot_yolo11m_4500_imgsz1600_b1_2024-01-18.pt.jpg,ORDER_Diptera,2025-01-28,04:20:06,,2025_01_28__04_20_06,MachineObservation,Cerro_Hoya_Expedition_Hoya_1416m_fondoGorila_2025-01-27_2025-01-27,Cerro_Hoya_Expedition_Hoya_1416m_fondoGorila_2025-01-27,fondoGorila_2025_01_28__04_20_06_HDR0.jpg,fondoGorila_2025_01_28__04_20_06_HDR0_0_Mothbot_yolo11m_4500_imgsz1600_b1_2024-01-18.pt.jpg
,,,,,,,,,,,,ERROR,Cerro_Hoya_Expedition_Hoya_1416m_fondoGorila_2025-01-27,fondoGorila_2025_01_28__04_21_06_HDR0_0_Mothbot_yolo11m_4500_imgsz1600_b1_2024-01-18.pt.jpg,HS,Mothbot_yolo11m_4500_imgsz1600_b1_2024-01-18.pt,0.7105822563171387,,fondoGorila,Cerro_Hoya_Expedition/Hoya_1416m_fondoGorila_2025-01-27/2025-01-27/patches/fondoGorila_2025_01_28__04_21_06_HDR0_0_Mothbot_yolo11m_4500_imgsz1600_b1_2024-01-18.pt.jpg,ORDER_Diptera,2025-01-28,04:21:06,,2025_01_28__04_21_06,MachineObservation,Cerro_Hoya_Expedition_Hoya_1416m_fondoGorila_2025-01-27_2025-01-27,Cerro_Hoya_Expedition_Hoya_1416m_fondoGorila_2025-01-27,fondoGorila_2025_01_28__04_21_06_HDR0.jpg,fondoGorila_2025_01_28__04_21_06_HDR0_0_Mothbot_yolo11m_4500_imgsz1600_b1_2024-01-18.pt.jpg
,,,,,,,,,,,,ERROR,Cerro_Hoya_Expedition_Hoya_1416m_fondoGorila_2025-01-27,fondoGorila_2025_01_28__04_22_22_HDR0_0_Mothbot_yolo11m_4500_imgsz1600_b1_2024-01-18.pt.jpg,HS,Mothbot_yolo11m_4500_imgsz1600_b1_2024-01-18.pt,0.722407877445221,,fondoGorila,Cerro_Hoya_Expedition/Hoya_1416m_fondoGorila_2025-01-27/2025-01-27/patches/fondoGorila_2025_01_28__04_22_22_HDR0_0_Mothbot_yolo11m_4500_imgsz1600_b1_2024-01-18.pt.jpg,ORDER_Diptera,2025-01-28,04:22:22,,2025_01_28__04_22_22,MachineObservation,Cerro_Hoya_Expedition_Hoya_1416m_fondoGorila_2025-01-27_2025-01-27,Cerro_Hoya_Expedition_Hoya_1416m_fondoGorila_2025-01-27,fondoGorila_2025_01_28__04_22_22_HDR0.jpg,fondoGorila_2025_01_28__04_22_22_HDR0_0_Mothbot_yolo11m_4500_imgsz1600_b1_2024-01-18.pt.jpg
,,,,,,,,,,,,ERROR,Cerro_Hoya_Expedition_Hoya_1416m_fondoGorila_2025-01-27,fondoGorila_2025_01_28__04_23_06_HDR0_0_Mothbot_yolo11m_4500_imgsz1600_b1_2024-01-18.pt.jpg,HS,Mothbot_yolo11m_4500_imgsz1600_b1_2024-01-18.pt,0.6590231657028198,,fondoGorila,Cerro_Hoya_Expedition/Hoya_1416m_fondoGorila_2025-01-27/2025-01-27/patches/fondoGorila_2025_01_28__04_23_06_HDR0_0_Mothbot_yolo11m_4500_imgsz1600_b1_2024-01-18.pt.jpg,ORDER_Hymenoptera,2025-01-28,04:23:06,,2025_01_28__04_23_06,MachineObservation,Cerro_Hoya_Expedition_Hoya_1416m_fondoGorila_2025-01-27_2025-01-27,Cerro_Hoya_Expedition_Hoya_1416m_fondoGorila_2025-01-27,fondoGorila_2025_01_28__04_23_06_HDR0.jpg,fondoGorila_2025_01_28__04_23_06_HDR0_0_Mothbot_yolo11m_4500_imgsz1600_b1_2024-01-18.pt.jpg
,,,,,,,,,,,,ERROR,Cerro_Hoya_Expedition_Hoya_1416m_fondoGorila_2025-01-27,fondoGorila_2025_01_28__04_24_06_HDR0_0_Mothbot_yolo11m_4500_imgsz1600_b1_2024-01-18.pt.jpg,HS,Mothbot_yolo11m_4500_imgsz1600_b1_2024-01-18.pt,0.656747043132782,,fondoGorila,Cerro_Hoya_Expedition/Hoya_1416m_fondoGorila_2025-01-27/2025-01-27/patches/fondoGorila_2025_01_28__04_24_06_HDR0_0_Mothbot_yolo11m_4500_imgsz1600_b1_2024-01-18.pt.jpg,ORDER_Diptera,2025-01-28,04:24:06,,2025_01_28__04_24_06,MachineObservation,Cerro_Hoya_Expedition_Hoya_1416m_fondoGorila_2025-01-27_2025-01-27,Cerro_Hoya_Expedition_Hoya_1416m_fondoGorila_2025-01-27,fondoGorila_2025_01_28__04_24_06_HDR0.jpg,fondoGorila_2025_01_28__04_24_06_HDR0_0_Mothbot_yolo11m_4500_imgsz1600_b1_2024-01-18.pt.jpg
,,,,,,,,,,,,ERROR,Cerro_Hoya_Expedition_Hoya_1416m_fondoGorila_2025-01-27,fondoGorila_2025_01_28__04_25_05_HDR0_0_Mothbot_yolo11m_4500_imgsz1600_b1_2024-01-18.pt.jpg,HS,Mothbot_yolo11m_4500_imgsz1600_b1_2024-01-18.pt,0.6607615947723389,,fondoGorila,Cerro_Hoya_Expedition/Hoya_1416m_fondoGorila_2025-01-27/2025-01-27/patches/fondoGorila_2025_01_28__04_25_05_HDR0_0_Mothbot_yolo11m_4500_imgsz1600_b1_2024-01-18.pt.jpg,ORDER_Diptera,2025-01-28,04:25:05,,2025_01_28__04_25_05,MachineObservation,Cerro_Hoya_Expedition_Hoya_1416m_fondoGorila_2025-01-27_2025-01-27,Cerro_Hoya_Expedition_Hoya_1416m_fondoGorila_2025-01-27,fondoGorila_2025_01_28__04_25_05_HDR0.jpg,fondoGorila_2025_01_28__04_25_05_HDR0_0_Mothbot_yolo11m_4500_imgsz1600_b1_2024-01-18.pt.jpg
,,,,,,,,,,,,ERROR,Cerro_Hoya_Expedition_Hoya_1416m_fondoGorila_2025-01-27,fondoGorila_2025_01_28__04_26_06_HDR0_0_Mothbot_yolo11m_4500_imgsz1600_b1_2024-01-18.pt.jpg,HS,Mothbot_yolo11m_4500_imgsz1600_b1_2024-01-18.pt,0.6181601285934448,,fondoGorila,Cerro_Hoya_Expedition/Hoya_1416m_fondoGorila_2025-01-27/2025-01-27/patches/fondoGorila_2025_01_28__04_26_06_HDR0_0_Mothbot_yolo11m_4500_imgsz1600_b1_2024-01-18.pt.jpg,ORDER_Diptera,2025-01-28,04:26:06,,2025_01_28__04_26_06,MachineObservation,Cerro_Hoya_Expedition_Hoya_1416m_fondoGorila_2025-01-27_2025-01-27,Cerro_Hoya_Expedition_Hoya_1416m_fondoGorila_2025-01-27,fondoGorila_2025_01_28__04_26_06_HDR0.jpg,fondoGorila_2025_01_28__04_26_06_HDR0_0_Mothbot_yolo11m_4500_imgsz1600_b1_2024-01-18.pt.jpg
,,,,,,,,,,,,ERROR,Cerro_Hoya_Expedition_Hoya_1416m_fondoGorila_2025-01-27,fondoGorila_2025_01_28__04_27_06_HDR0_0_Mothbot_yolo11m_4500_imgsz1600_b1_2024-01-18.pt.jpg,HS,Mothbot_yolo11m_4500_imgsz1600_b1_2024-01-18.pt,0.6929931044578552,,fondoGorila,Cerro_Hoya_Expedition/Hoya_1416m_fondoGorila_2025-01-27/2025-01-27/patches/fondoGorila_2025_01_28__04_27_06_HDR0_0_Mothbot_yolo11m_4500_imgsz1600_b1_2024-01-18.pt.jpg,ORDER_Diptera,2025-01-28,04:27:06,,2025_01_28__04_27_06,MachineObservation,Cerro_Hoya_Expedition_Hoya_1416m_fondoGorila_2025-01-27_2025-01-27,Cerro_Hoya_Expedition_Hoya_1416m_fondoGorila_2025-01-27,fondoGorila_2025_01_28__04_27_06_HDR0.jpg,fondoGorila_2025_01_28__04_27_06_HDR0_0_Mothbot_yolo11m_4500_imgsz1600_b1_2024-01-18.pt.jpg
,,,,,,,,,,,,ERROR,Cerro_Hoya_Expedition_Hoya_1416m_fondoGorila_2025-01-27,fondoGorila_2025_01_28__04_28_06_HDR0_0_Mothbot_yolo11m_4500_imgsz1600_b1_2024-01-18.pt.jpg,HS,Mothbot_yolo11m_4500_imgsz1600_b1_2024-01-18.pt,0.6777178645133972,,fondoGorila,Cerro_Hoya_Expedition/Hoya_1416m_fondoGorila_2025-01-27/2025-01-27/patches/fondoGorila_2025_01_28__04_28_06_HDR0_0_Mothbot_yolo11m_4500_imgsz1600_b1_2024-01-18.pt.jpg,ORDER_Diptera,2025-01-28,04:28:06,,2025_01_28__04_28_06,MachineObservation,Cerro_Hoya_Expedition_Hoya_1416m_fondoGorila_2025-01-27_2025-01-27,Cerro_Hoya_Expedition_Hoya_1416m_fondoGorila_2025-01-27,fondoGorila_2025_01_28__04_28_06_HDR0.jpg,fondoGorila_2025_01_28__04_28_06_HDR0_0_Mothbot_yolo11m_4500_imgsz1600_b1_2024-01-18.pt.jpg
,,,,,,,,,,,,ERROR,Cerro_Hoya_Expedition_Hoya_1416m_fondoGorila_2025-01-27,fondoGorila_2025_01_28__04_29_23_HDR0_0_Mothbot_yolo11m_4500_imgsz1600_b1_2024-01-18.pt.jpg,HS,Mothbot_yolo11m_4500_imgsz1600_b1_2024-01-18.pt,0.6402420997619629,,fondoGorila,Cerro_Hoya_Expedition/Hoya_1416m_fondoGorila_2025-01-27/2025-01-27/patches/fondoGorila_2025_01_28__04_29_23_HDR0_0_Mothbot_yolo11m_4500_imgsz1600_b1_2024-01-18.pt.jpg,ORDER_Diptera,2025-01-28,04:29:23,,2025_01_28__04_29_23,MachineObservation,Cerro_Hoya_Expedition_Hoya_1416m_fondoGorila_2025-01-27_2025-01-27,Cerro_Hoya_Expedition_Hoya_1416m_fondoGorila_2025-01-27,fondoGorila_2025_01_28__04_29_23_HDR0.jpg,fondoGorila_2025_01_28__04_29_23_HDR0_0_Mothbot_yolo11m_4500_imgsz1600_b1_2024-01-18.pt.jpg
,,,,,,,,,,,,ERROR,Cerro_Hoya_Expedition_Hoya_1416m_fondoGorila_2025-01-27,fondoGorila_2025_01_28__04_30_06_HDR0_0_Mothbot_yolo11m_4500_imgsz1600_b1_2024-01-18.pt.jpg,HS,Mothbot_yolo11m_4500_imgsz1600_b1_2024-01-18.pt,0.5676987171173096,,fondoGorila,Cerro_Hoya_Expedition/Hoya_1416m_fondoGorila_2025-01-27/2025-01-27/patches/fondoGorila_2025_01_28__04_30_06_HDR0_0_Mothbot_yolo11m_4500_imgsz1600_b1_2024-01-18.pt.jpg,ORDER_Diptera,2025-01-28,04:30:06,,2025_01_28__04_30_06,MachineObservation,Cerro_Hoya_Expedition_Hoya_1416m_fondoGorila_2025-01-27_2025-01-27,Cerro_Hoya_Expedition_Hoya_1416m_fondoGorila_2025-01-27,fondoGorila_2025_01_28__04_30_06_HDR0.jpg,fondoGorila_2025_01_28__04_30_06_HDR0_0_Mothbot_yolo11m_4500_imgsz1600_b1_2024-01-18.pt.jpg
,,,,,,,,,,,,ERROR,Cerro_Hoya_Expedition_Hoya_1416m_fondoGorila_2025-01-27,fondoGorila_2025_01_28__04_31_06_HDR0_0_Mothbot_yolo11m_4500_imgsz1600_b1_2024-01-18.pt.jpg,HS,Mothbot_yolo11m_4500_imgsz1600_b1_2024-01-18.pt,0.5909799933433533,,fondoGorila,Cerro_Hoya_Expedition/Hoya_1416m_fondoGorila_2025-01-27/2025-01-27/patches/fondoGorila_2025_01_28__04_31_06_HDR0_0_Mothbot_yolo11m_4500_imgsz1600_b1_2024-01-18.pt.jpg,ORDER_Coleoptera,2025-01-28,04:31:06,,2025_01_28__04_31_06,MachineObservation,Cerro_Hoya_Expedition_Hoya_1416m_fondoGorila_2025-01-27_2025-01-27,Cerro_Hoya_Expedition_Hoya_1416m_fondoGorila_2025-01-27,fondoGorila_2025_01_28__04_31_06_HDR0.jpg,fondoGorila_2025_01_28__04_31_06_HDR0_0_Mothbot_yolo11m_4500_imgsz1600_b1_2024-01-18.pt.jpg
,,,,,,,,,,,,ERROR,Cerro_Hoya_Expedition_Hoya_1416m_fondoGorila_2025-01-27,fondoGorila_2025_01_28__04_32_06_HDR0_0_Mothbot_yolo11m_4500_imgsz1600_b1_2024-01-18.pt.jpg,HS,Mothbot_yolo11m_4500_imgsz1600_b1_2024-01-18.pt,0.5302094221115112,,fondoGorila,Cerro_Hoya_Expedition/Hoya_1416m_fondoGorila_2025-01-27/2025-01-27/patches/fondoGorila_2025_01_28__04_32_06_HDR0_0_Mothbot_yolo11m_4500_imgsz1600_b1_2024-01-18.pt.jpg,ORDER_Diptera,2025-01-28,04:32:06,,2025_01_28__04_32_06,MachineObservation,Cerro_Hoya_Expedition_Hoya_1416m_fondoGorila_2025-01-27_2025-01-27,Cerro_Hoya_Expedition_Hoya_1416m_fondoGorila_2025-01-27,fondoGorila_2025_01_28__04_32_06_HDR0.jpg,fondoGorila_2025_01_28__04_32_06_HDR0_0_Mothbot_yolo11m_4500_imgsz1600_b1_2024-01-18.pt.jpg
,,,,,,,,,,,,ERROR,Cerro_Hoya_Expedition_Hoya_1416m_fondoGorila_2025-01-27,fondoGorila_2025_01_28__04_33_05_HDR0_0_Mothbot_yolo11m_4500_imgsz1600_b1_2024-01-18.pt.jpg,HS,Mothbot_yolo11m_4500_imgsz1600_b1_2024-01-18.pt,0.6334187984466553,,fondoGorila,Cerro_Hoya_Expedition/Hoya_1416m_fondoGorila_2025-01-27/2025-01-27/patches/fondoGorila_2025_01_28__04_33_05_HDR0_0_Mothbot_yolo11m_4500_imgsz1600_b1_2024-01-18.pt.jpg,ORDER_Diptera,2025-01-28,04:33:05,,2025_01_28__04_33_05,MachineObservation,Cerro_Hoya_Expedition_Hoya_1416m_fondoGorila_2025-01-27_2025-01-27,Cerro_Hoya_Expedition_Hoya_1416m_fondoGorila_2025-01-27,fondoGorila_2025_01_28__04_33_05_HDR0.jpg,fondoGorila_2025_01_28__04_33_05_HDR0_0_Mothbot_yolo11m_4500_imgsz1600_b1_2024-01-18.pt.jpg
,,,,,,,,,,,,ERROR,Cerro_Hoya_Expedition_Hoya_1416m_fondoGorila_2025-01-27,fondoGorila_2025_01_28__04_34_06_HDR0_0_Mothbot_yolo11m_4500_imgsz1600_b1_2024-01-18.pt.jpg,HS,Mothbot_yolo11m_4500_imgsz1600_b1_2024-01-18.pt,0.5296860933303833,,fondoGorila,Cerro_Hoya_Expedition/Hoya_1416m_fondoGorila_2025-01-27/2025-01-27/patches/fondoGorila_2025_01_28__04_34_06_HDR0_0_Mothbot_yolo11m_4500_imgsz1600_b1_2024-01-18.pt.jpg,ORDER_Diptera,2025-01-28,04:34:06,,2025_01_28__04_34_06,MachineObservation,Cerro_Hoya_Expedition_Hoya_1416m_fondoGorila_2025-01-27_2025-01-27,Cerro_Hoya_Expedition_Hoya_1416m_fondoGorila_2025-01-27,fondoGorila_2025_01_28__04_34_06_HDR0.jpg,fondoGorila_2025_01_28__04_34_06_HDR0_0_Mothbot_yolo11m_4500_imgsz1600_b1_2024-01-18.pt.jpg
,,,,,,,,,,,,ERROR,Cerro_Hoya_Expedition_Hoya_1416m_fondoGorila_2025-01-27,fondoGorila_2025_01_28__04_35_06_HDR0_0_Mothbot_yolo11m_4500_imgsz1600_b1_2024-01-18.pt.jpg,HS,Mothbot_yolo11m_4500_imgsz1600_b1_2024-01-18.pt,0.6196374297142029,,fondoGorila,Cerro_Hoya_Expedition/Hoya_1416m_fondoGorila_2025-01-27/2025-01-27/patches/fondoGorila_2025_01_28__04_35_06_HDR0_0_Mothbot_yolo11m_4500_imgsz1600_b1_2024-01-18.pt.jpg,ORDER_Diptera,2025-01-28,04:35:06,,2025_01_28__04_35_06,MachineObservation,Cerro_Hoya_Expedition_Hoya_1416m_fondoGorila_2025-01-27_2025-01-27,Cerro_Hoya_Expedition_Hoya_1416m_fondoGorila_2025-01-27,fondoGorila_2025_01_28__04_35_06_HDR0.jpg,fondoGorila_2025_01_28__04_35_06_HDR0_0_Mothbot_yolo11m_4500_imgsz1600_b1_2024-01-18.pt.jpg
,,,,,,,,,,,,ERROR,Cerro_Hoya_Expedition_Hoya_1416m_fondoGorila_2025-01-27,fondoGorila_2025_01_28__04_36_22_HDR0_0_Mothbot_yolo11m_4500_imgsz1600_b1_2024-01-18.pt.jpg,HS,Mothbot_yolo11m_4500_imgsz1600_b1_2024-01-18.pt,0.5903620719909668,,fondoGorila,Cerro_Hoya_Expedition/Hoya_1416m_fondoGorila_2025-01-27/2025-01-27/patches/fondoGorila_2025_01_28__04_36_22_HDR0_0_Mothbot_yolo11m_4500_imgsz1600_b1_2024-01-18.pt.jpg,ORDER_Diptera,2025-01-28,04:36:22,,2025_01_28__04_36_22,MachineObservation,Cerro_Hoya_Expedition_Hoya_1416m_fondoGorila_2025-01-27_2025-01-27,Cerro_Hoya_Expedition_Hoya_1416m_fondoGorila_2025-01-27,fondoGorila_2025_01_28__04_36_22_HDR0.jpg,fondoGorila_2025_01_28__04_36_22_HDR0_0_Mothbot_yolo11m_4500_imgsz1600_b1_2024-01-18.pt.jpg
,,,,,,,,,,,,ERROR,Cerro_Hoya_Expedition_Hoya_1416m_fondoGorila_2025-01-27,fondoGorila_2025_01_28__04_37_05_HDR0_0_Mothbot_yolo11m_4500_imgsz1600_b1_2024-01-18.pt.jpg,HS,Mothbot_yolo11m_4500_imgsz1600_b1_2024-01-18.pt,0.5466498732566833,,fondoGorila,Cerro_Hoya_Expedition/Hoya_1416m_fondoGorila_2025-01-27/2025-01-27/patches/fondoGorila_2025_01_28__04_37_05_HDR0_0_Mothbot_yolo11m_4500_imgsz1600_b1_2024-01-18.pt.jpg,ORDER_Diptera,2025-01-28,04:37:05,,2025_01_28__04_37_05,MachineObservation,Cerro_Hoya_Expedition_Hoya_1416m_fondoGorila_2025-01-27_2025-01-27,Cerro_Hoya_Expedition_Hoya_1416m_fondoGorila_2025-01-27,fondoGorila_2025_01_28__04_37_05_HDR0.jpg,fondoGorila_2025_01_28__04_37_05_HDR0_0_Mothbot_yolo11m_4500_imgsz1600_b1_2024-01-18.pt.jpg
,,,,,,,,,,,,ERROR,Cerro_Hoya_Expedition_Hoya_1416m_fondoGorila_2025-01-27,fondoGorila_2025_01_28__04_38_06_HDR0_0_Mothbot_yolo11m_4500_imgsz1600_b1_2024-01-18.pt.jpg,HS,Mothbot_yolo11m_4500_imgsz1600_b1_2024-01-18.pt,0.46206188201904297,,fondoGorila,Cerro_Hoya_Expedition/Hoya_1416m_fondoGorila_2025-01-27/2025-01-27/patches/fondoGorila_2025_01_28__04_38_06_HDR0_0_Mothbot_yolo11m_4500_imgsz1600_b1_2024-01-18.pt.jpg,ORDER_Diptera,2025-01-28,04:38:06,,2025_01_28__04_38_06,MachineObservation,Cerro_Hoya_Expedition_Hoya_1416m_fondoGorila_2025-01-27_2025-01-27,Cerro_Hoya_Expedition_Hoya_1416m_fondoGorila_2025-01-27,fondoGorila_2025_01_28__04_38_06_HDR0.jpg,fondoGorila_2025_01_28__04_38_06_HDR0_0_Mothbot_yolo11m_4500_imgsz1600_b1_2024-01-18.pt.jpg
doi.org10.15468dl.6nxkw6.csv,Animalia,Arthropoda,Insecta,Diptera,,,,,811,,Diptera,Diptera,Cerro_Hoya_Expedition_Hoya_1416m_fondoGorila_2025-01-27,fondoGorila_2025_01_28__04_39_06_HDR0_0_Mothbot_yolo11m_4500_imgsz1600_b1_2024-01-18.pt.jpg,HS,Mothbot_yolo11m_4500_imgsz1600_b1_2024-01-18.pt,0.6714609265327454,,fondoGorila,Cerro_Hoya_Expedition/Hoya_1416m_fondoGorila_2025-01-27/2025-01-27/patches/fondoGorila_2025_01_28__04_39_06_HDR0_0_Mothbot_yolo11m_4500_imgsz1600_b1_2024-01-18.pt.jpg,ORDER_Diptera,2025-01-28,04:39:06,,2025_01_28__04_39_06,MachineObservation,Cerro_Hoya_Expedition_Hoya_1416m_fondoGorila_2025-01-27_2025-01-27,Cerro_Hoya_Expedition_Hoya_1416m_fondoGorila_2025-01-27,fondoGorila_2025_01_28__04_39_06_HDR0.jpg,fondoGorila_2025_01_28__04_39_06_HDR0_0_Mothbot_yolo11m_4500_imgsz1600_b1_2024-01-18.pt.jpg
,,,,,,,,,,,,ERROR,Cerro_Hoya_Expedition_Hoya_1416m_fondoGorila_2025-01-27,fondoGorila_2025_01_28__04_39_06_HDR0_1_Mothbot_yolo11m_4500_imgsz1600_b1_2024-01-18.pt.jpg,HS,Mothbot_yolo11m_4500_imgsz1600_b1_2024-01-18.pt,0.5445687174797058,,fondoGorila,Cerro_Hoya_Expedition/Hoya_1416m_fondoGorila_2025-01-27/2025-01-27/patches/fondoGorila_2025_01_28__04_39_06_HDR0_1_Mothbot_yolo11m_4500_imgsz1600_b1_2024-01-18.pt.jpg,ORDER_Diptera,2025-01-28,04:39:06,,2025_01_28__04_39_06,MachineObservation,Cerro_Hoya_Expedition_Hoya_1416m_fondoGorila_2025-01-27_2025-01-27,Cerro_Hoya_Expedition_Hoya_1416m_fondoGorila_2025-01-27,fondoGorila_2025_01_28__04_39_06_HDR0.jpg,fondoGorila_2025_01_28__04_39_06_HDR0_1_Mothbot_yolo11m_4500_imgsz1600_b1_2024-01-18.pt.jpg
doi.org10.15468dl.6nxkw6.csv,Animalia,Arthropoda,Insecta,Diptera,,,,,811,,Diptera,Diptera,Cerro_Hoya_Expedition_Hoya_1416m_fondoGorila_2025-01-27,fondoGorila_2025_01_28__04_40_06_HDR0_0_Mothbot_yolo11m_4500_imgsz1600_b1_2024-01-18.pt.jpg,HS,Mothbot_yolo11m_4500_imgsz1600_b1_2024-01-18.pt,0.6799595355987549,,fondoGorila,Cerro_Hoya_Expedition/Hoya_1416m_fondoGorila_2025-01-27/2025-01-27/patches/fondoGorila_2025_01_28__04_40_06_HDR0_0_Mothbot_yolo11m_4500_imgsz1600_b1_2024-01-18.pt.jpg,ORDER_Diptera,2025-01-28,04:40:06,,2025_01_28__04_40_06,MachineObservation,Cerro_Hoya_Expedition_Hoya_1416m_fondoGorila_2025-01-27_2025-01-27,Cerro_Hoya_Expedition_Hoya_1416m_fondoGorila_2025-01-27,fondoGorila_2025_01_28__04_40_06_HDR0.jpg,fondoGorila_2025_01_28__04_40_06_HDR0_0_Mothbot_yolo11m_4500_imgsz1600_b1_2024-01-18.pt.jpg
,,,,,,,,,,,,ERROR,Cerro_Hoya_Expedition_Hoya_1416m_fondoGorila_2025-01-27,fondoGorila_2025_01_28__04_40_06_HDR0_1_Mothbot_yolo11m_4500_imgsz1600_b1_2024-01-18.pt.jpg,HS,Mothbot_yolo11m_4500_imgsz1600_b1_2024-01-18.pt,0.5072624087333679,,fondoGorila,Cerro_Hoya_Expedition/Hoya_1416m_fondoGorila_2025-01-27/2025-01-27/patches/fondoGorila_2025_01_28__04_40_06_HDR0_1_Mothbot_yolo11m_4500_imgsz1600_b1_2024-01-18.pt.jpg,ORDER_Diptera,2025-01-28,04:40:06,,2025_01_28__04_40_06,MachineObservation,Cerro_Hoya_Expedition_Hoya_1416m_fondoGorila_2025-01-27_2025-01-27,Cerro_Hoya_Expedition_Hoya_1416m_fondoGorila_2025-01-27,fondoGorila_2025_01_28__04_40_06_HDR0.jpg,fondoGorila_2025_01_28__04_40_06_HDR0_1_Mothbot_yolo11m_4500_imgsz1600_b1_2024-01-18.pt.jpg
doi.org10.15468dl.6nxkw6.csv,Animalia,Arthropoda,Insecta,Diptera,,,,,811,,Diptera,Diptera,Cerro_Hoya_Expedition_Hoya_1416m_fondoGorila_2025-01-27,fondoGorila_2025_01_28__04_41_06_HDR0_0_Mothbot_yolo11m_4500_imgsz1600_b1_2024-01-18.pt.jpg,HS,Mothbot_yolo11m_4500_imgsz1600_b1_2024-01-18.pt,0.7703089118003845,,fondoGorila,Cerro_Hoya_Expedition/Hoya_1416m_fondoGorila_2025-01-27/2025-01-27/patches/fondoGorila_2025_01_28__04_41_06_HDR0_0_Mothbot_yolo11m_4500_imgsz1600_b1_2024-01-18.pt.jpg,ORDER_Diptera,2025-01-28,04:41:06,,2025_01_28__04_41_06,MachineObservation,Cerro_Hoya_Expedition_Hoya_1416m_fondoGorila_2025-01-27_2025-01-27,Cerro_Hoya_Expedition_Hoya_1416m_fondoGorila_2025-01-27,fondoGorila_2025_01_28__04_41_06_HDR0.jpg,fondoGorila_2025_01_28__04_41_06_HDR0_0_Mothbot_yolo11m_4500_imgsz1600_b1_2024-01-18.pt.jpg
,,,,,,,,,,,,ERROR,Cerro_Hoya_Expedition_Hoya_1416m_fondoGorila_2025-01-27,fondoGorila_2025_01_28__04_41_06_HDR0_1_Mothbot_yolo11m_4500_imgsz1600_b1_2024-01-18.pt.jpg,HS,Mothbot_yolo11m_4500_imgsz1600_b1_2024-01-18.pt,0.5558797121047974,,fondoGorila,Cerro_Hoya_Expedition/Hoya_1416m_fondoGorila_2025-01-27/2025-01-27/patches/fondoGorila_2025_01_28__04_41_06_HDR0_1_Mothbot_yolo11m_4500_imgsz1600_b1_2024-01-18.pt.jpg,ORDER_Diptera,2025-01-28,04:41:06,,2025_01_28__04_41_06,MachineObservation,Cerro_Hoya_Expedition_Hoya_1416m_fondoGorila_2025-01-27_2025-01-27,Cerro_Hoya_Expedition_Hoya_1416m_fondoGorila_2025-01-27,fondoGorila_2025_01_28__04_41_06_HDR0.jpg,fondoGorila_2025_01_28__04_41_06_HDR0_1_Mothbot_yolo11m_4500_imgsz1600_b1_2024-01-18.pt.jpg
doi.org10.15468dl.6nxkw6.csv,Animalia,Arthropoda,Insecta,Diptera,,,,,811,,Diptera,Diptera,Cerro_Hoya_Expedition_Hoya_1416m_fondoGorila_2025-01-27,fondoGorila_2025_01_28__04_42_05_HDR0_0_Mothbot_yolo11m_4500_imgsz1600_b1_2024-01-18.pt.jpg,HS,Mothbot_yolo11m_4500_imgsz1600_b1_2024-01-18.pt,0.7669346928596497,,fondoGorila,Cerro_Hoya_Expedition/Hoya_1416m_fondoGorila_2025-01-27/2025-01-27/patches/fondoGorila_2025_01_28__04_42_05_HDR0_0_Mothbot_yolo11m_4500_imgsz1600_b1_2024-01-18.pt.jpg,ORDER_Diptera,2025-01-28,04:42:05,,2025_01_28__04_42_05,MachineObservation,Cerro_Hoya_Expedition_Hoya_1416m_fondoGorila_2025-01-27_2025-01-27,Cerro_Hoya_Expedition_Hoya_1416m_fondoGorila_2025-01-27,fondoGorila_2025_01_28__04_42_05_HDR0.jpg,fondoGorila_2025_01_28__04_42_05_HDR0_0_Mothbot_yolo11m_4500_imgsz1600_b1_2024-01-18.pt.jpg
,,,,,,,,,,,,ERROR,Cerro_Hoya_Expedition_Hoya_1416m_fondoGorila_2025-01-27,fondoGorila_2025_01_28__04_42_05_HDR0_1_Mothbot_yolo11m_4500_imgsz1600_b1_2024-01-18.pt.jpg,HS,Mothbot_yolo11m_4500_imgsz1600_b1_2024-01-18.pt,0.5970327854156494,,fondoGorila,Cerro_Hoya_Expedition/Hoya_1416m_fondoGorila_2025-01-27/2025-01-27/patches/fondoGorila_2025_01_28__04_42_05_HDR0_1_Mothbot_yolo11m_4500_imgsz1600_b1_2024-01-18.pt.jpg,ORDER_Diptera,2025-01-28,04:42:05,,2025_01_28__04_42_05,MachineObservation,Cerro_Hoya_Expedition_Hoya_1416m_fondoGorila_2025-01-27_2025-01-27,Cerro_Hoya_Expedition_Hoya_1416m_fondoGorila_2025-01-27,fondoGorila_2025_01_28__04_42_05_HDR0.jpg,fondoGorila_2025_01_28__04_42_05_HDR0_1_Mothbot_yolo11m_4500_imgsz1600_b1_2024-01-18.pt.jpg
doi.org10.15468dl.6nxkw6.csv,Animalia,Arthropoda,Insecta,Diptera,,,,,811,,Diptera,Diptera,Cerro_Hoya_Expedition_Hoya_1416m_fondoGorila_2025-01-27,fondoGorila_2025_01_28__04_43_22_HDR0_0_Mothbot_yolo11m_4500_imgsz1600_b1_2024-01-18.pt.jpg,HS,Mothbot_yolo11m_4500_imgsz1600_b1_2024-01-18.pt,0.7039101123809814,,fondoGorila,Cerro_Hoya_Expedition/Hoya_1416m_fondoGorila_2025-01-27/2025-01-27/patches/fondoGorila_2025_01_28__04_43_22_HDR0_0_Mothbot_yolo11m_4500_imgsz1600_b1_2024-01-18.pt.jpg,ORDER_Diptera,2025-01-28,04:43:22,,2025_01_28__04_43_22,MachineObservation,Cerro_Hoya_Expedition_Hoya_1416m_fondoGorila_2025-01-27_2025-01-27,Cerro_Hoya_Expedition_Hoya_1416m_fondoGorila_2025-01-27,fondoGorila_2025_01_28__04_43_22_HDR0.jpg,fondoGorila_2025_01_28__04_43_22_HDR0_0_Mothbot_yolo11m_4500_imgsz1600_b1_2024-01-18.pt.jpg
,,,,,,,,,,,,ERROR,Cerro_Hoya_Expedition_Hoya_1416m_fondoGorila_2025-01-27,fondoGorila_2025_01_28__04_43_22_HDR0_1_Mothbot_yolo11m_4500_imgsz1600_b1_2024-01-18.pt.jpg,HS,Mothbot_yolo11m_4500_imgsz1600_b1_2024-01-18.pt,0.5476253032684326,,fondoGorila,Cerro_Hoya_Expedition/Hoya_1416m_fondoGorila_2025-01-27/2025-01-27/patches/fondoGorila_2025_01_28__04_43_22_HDR0_1_Mothbot_yolo11m_4500_imgsz1600_b1_2024-01-18.pt.jpg,ORDER_Diptera,2025-01-28,04:43:22,,2025_01_28__04_43_22,MachineObservation,Cerro_Hoya_Expedition_Hoya_1416m_fondoGorila_2025-01-27_2025-01-27,Cerro_Hoya_Expedition_Hoya_1416m_fondoGorila_2025-01-27,fondoGorila_2025_01_28__04_43_22_HDR0.jpg,fondoGorila_2025_01_28__04_43_22_HDR0_1_Mothbot_yolo11m_4500_imgsz1600_b1_2024-01-18.pt.jpg
doi.org10.15468dl.6nxkw6.csv,Animalia,Arthropoda,Insecta,Diptera,,,,,811,,Diptera,Diptera,Cerro_Hoya_Expedition_Hoya_1416m_fondoGorila_2025-01-27,fondoGorila_2025_01_28__04_44_06_HDR0_0_Mothbot_yolo11m_4500_imgsz1600_b1_2024-01-18.pt.jpg,HS,Mothbot_yolo11m_4500_imgsz1600_b1_2024-01-18.pt,0.593190610408783,,fondoGorila,Cerro_Hoya_Expedition/Hoya_1416m_fondoGorila_2025-01-27/2025-01-27/patches/fondoGorila_2025_01_28__04_44_06_HDR0_0_Mothbot_yolo11m_4500_imgsz1600_b1_2024-01-18.pt.jpg,ORDER_Neuroptera,2025-01-28,04:44:06,,2025_01_28__04_44_06,MachineObservation,Cerro_Hoya_Expedition_Hoya_1416m_fondoGorila_2025-01-27_2025-01-27,Cerro_Hoya_Expedition_Hoya_1416m_fondoGorila_2025-01-27,fondoGorila_2025_01_28__04_44_06_HDR0.jpg,fondoGorila_2025_01_28__04_44_06_HDR0_0_Mothbot_yolo11m_4500_imgsz1600_b1_2024-01-18.pt.jpg
,,,,,,,,,,,,ERROR,Cerro_Hoya_Expedition_Hoya_1416m_fondoGorila_2025-01-27,fondoGorila_2025_01_28__04_44_06_HDR0_1_Mothbot_yolo11m_4500_imgsz1600_b1_2024-01-18.pt.jpg,HS,Mothbot_yolo11m_4500_imgsz1600_b1_2024-01-18.pt,0.5768797397613525,,fondoGorila,Cerro_Hoya_Expedition/Hoya_1416m_fondoGorila_2025-01-27/2025-01-27/patches/fondoGorila_2025_01_28__04_44_06_HDR0_1_Mothbot_yolo11m_4500_imgsz1600_b1_2024-01-18.pt.jpg,ORDER_Diptera,2025-01-28,04:44:06,,2025_01_28__04_44_06,MachineObservation,Cerro_Hoya_Expedition_Hoya_1416m_fondoGorila_2025-01-27_2025-01-27,Cerro_Hoya_Expedition_Hoya_1416m_fondoGorila_2025-01-27,fondoGorila_2025_01_28__04_44_06_HDR0.jpg,fondoGorila_2025_01_28__04_44_06_HDR0_1_Mothbot_yolo11m_4500_imgsz1600_b1_2024-01-18.pt.jpg
,,,,,,,,,,,,ERROR,Cerro_Hoya_Expedition_Hoya_1416m_fondoGorila_2025-01-27,fondoGorila_2025_01_28__04_44_06_HDR0_2_Mothbot_yolo11m_4500_imgsz1600_b1_2024-01-18.pt.jpg,HS,Mothbot_yolo11m_4500_imgsz1600_b1_2024-01-18.pt,0.2661658525466919,,fondoGorila,Cerro_Hoya_Expedition/Hoya_1416m_fondoGorila_2025-01-27/2025-01-27/patches/fondoGorila_2025_01_28__04_44_06_HDR0_2_Mothbot_yolo11m_4500_imgsz1600_b1_2024-01-18.pt.jpg,ORDER_Diptera,2025-01-28,04:44:06,,2025_01_28__04_44_06,MachineObservation,Cerro_Hoya_Expedition_Hoya_1416m_fondoGorila_2025-01-27_2025-01-27,Cerro_Hoya_Expedition_Hoya_1416m_fondoGorila_2025-01-27,fondoGorila_2025_01_28__04_44_06_HDR0.jpg,fondoGorila_2025_01_28__04_44_06_HDR0_2_Mothbot_yolo11m_4500_imgsz1600_b1_2024-01-18.pt.jpg
doi.org10.15468dl.6nxkw6.csv,Animalia,Arthropoda,Insecta,Diptera,,,,,811,,Diptera,Diptera,Cerro_Hoya_Expedition_Hoya_1416m_fondoGorila_2025-01-27,fondoGorila_2025_01_28__04_45_06_HDR0_0_Mothbot_yolo11m_4500_imgsz1600_b1_2024-01-18.pt.jpg,HS,Mothbot_yolo11m_4500_imgsz1600_b1_2024-01-18.pt,0.714364230632782,,fondoGorila,Cerro_Hoya_Expedition/Hoya_1416m_fondoGorila_2025-01-27/2025-01-27/patches/fondoGorila_2025_01_28__04_45_06_HDR0_0_Mothbot_yolo11m_4500_imgsz1600_b1_2024-01-18.pt.jpg,ORDER_Diptera,2025-01-28,04:45:06,,2025_01_28__04_45_06,MachineObservation,Cerro_Hoya_Expedition_Hoya_1416m_fondoGorila_2025-01-27_2025-01-27,Cerro_Hoya_Expedition_Hoya_1416m_fondoGorila_2025-01-27,fondoGorila_2025_01_28__04_45_06_HDR0.jpg,fondoGorila_2025_01_28__04_45_06_HDR0_0_Mothbot_yolo11m_4500_imgsz1600_b1_2024-01-18.pt.jpg
,,,,,,,,,,,,ERROR,Cerro_Hoya_Expedition_Hoya_1416m_fondoGorila_2025-01-27,fondoGorila_2025_01_28__04_45_06_HDR0_1_Mothbot_yolo11m_4500_imgsz1600_b1_2024-01-18.pt.jpg,HS,Mothbot_yolo11m_4500_imgsz1600_b1_2024-01-18.pt,0.5733041167259216,,fondoGorila,Cerro_Hoya_Expedition/Hoya_1416m_fondoGorila_2025-01-27/2025-01-27/patches/fondoGorila_2025_01_28__04_45_06_HDR0_1_Mothbot_yolo11m_4500_imgsz1600_b1_2024-01-18.pt.jpg,ORDER_Diptera,2025-01-28,04:45:06,,2025_01_28__04_45_06,MachineObservation,Cerro_Hoya_Expedition_Hoya_1416m_fondoGorila_2025-01-27_2025-01-27,Cerro_Hoya_Expedition_Hoya_1416m_fondoGorila_2025-01-27,fondoGorila_2025_01_28__04_45_06_HDR0.jpg,fondoGorila_2025_01_28__04_45_06_HDR0_1_Mothbot_yolo11m_4500_imgsz1600_b1_2024-01-18.pt.jpg
doi.org10.15468dl.6nxkw6.csv,Animalia,Arthropoda,Insecta,Diptera,,,,,811,,Diptera,Diptera,Cerro_Hoya_Expedition_Hoya_1416m_fondoGorila_2025-01-27,fondoGorila_2025_01_28__04_46_06_HDR0_0_Mothbot_yolo11m_4500_imgsz1600_b1_2024-01-18.pt.jpg,HS,Mothbot_yolo11m_4500_imgsz1600_b1_2024-01-18.pt,0.7425945401191711,,fondoGorila,Cerro_Hoya_Expedition/Hoya_1416m_fondoGorila_2025-01-27/2025-01-27/patches/fondoGorila_2025_01_28__04_46_06_HDR0_0_Mothbot_yolo11m_4500_imgsz1600_b1_2024-01-18.pt.jpg,ORDER_Psocodea,2025-01-28,04:46:06,,2025_01_28__04_46_06,MachineObservation,Cerro_Hoya_Expedition_Hoya_1416m_fondoGorila_2025-01-27_2025-01-27,Cerro_Hoya_Expedition_Hoya_1416m_fondoGorila_2025-01-27,fondoGorila_2025_01_28__04_46_06_HDR0.jpg,fondoGorila_2025_01_28__04_46_06_HDR0_0_Mothbot_yolo11m_4500_imgsz1600_b1_2024-01-18.pt.jpg
,,,,,,,,,,,,ERROR,Cerro_Hoya_Expedition_Hoya_1416m_fondoGorila_2025-01-27,fondoGorila_2025_01_28__04_46_06_HDR0_1_Mothbot_yolo11m_4500_imgsz1600_b1_2024-01-18.pt.jpg,HS,Mothbot_yolo11m_4500_imgsz1600_b1_2024-01-18.pt,0.6845561265945435,,fondoGorila,Cerro_Hoya_Expedition/Hoya_1416m_fondoGorila_2025-01-27/2025-01-27/patches/fondoGorila_2025_01_28__04_46_06_HDR0_1_Mothbot_yolo11m_4500_imgsz1600_b1_2024-01-18.pt.jpg,ORDER_Diptera,2025-01-28,04:46:06,,2025_01_28__04_46_06,MachineObservation,Cerro_Hoya_Expedition_Hoya_1416m_fondoGorila_2025-01-27_2025-01-27,Cerro_Hoya_Expedition_Hoya_1416m_fondoGorila_2025-01-27,fondoGorila_2025_01_28__04_46_06_HDR0.jpg,fondoGorila_2025_01_28__04_46_06_HDR0_1_Mothbot_yolo11m_4500_imgsz1600_b1_2024-01-18.pt.jpg
doi.org10.15468dl.6nxkw6.csv,Animalia,Arthropoda,Insecta,Diptera,,,,,811,,Diptera,Diptera,Cerro_Hoya_Expedition_Hoya_1416m_fondoGorila_2025-01-27,fondoGorila_2025_01_28__04_47_05_HDR0_0_Mothbot_yolo11m_4500_imgsz1600_b1_2024-01-18.pt.jpg,HS,Mothbot_yolo11m_4500_imgsz1600_b1_2024-01-18.pt,0.7617448568344116,,fondoGorila,Cerro_Hoya_Expedition/Hoya_1416m_fondoGorila_2025-01-27/2025-01-27/patches/fondoGorila_2025_01_28__04_47_05_HDR0_0_Mothbot_yolo11m_4500_imgsz1600_b1_2024-01-18.pt.jpg,ORDER_Diptera,2025-01-28,04:47:05,,2025_01_28__04_47_05,MachineObservation,Cerro_Hoya_Expedition_Hoya_1416m_fondoGorila_2025-01-27_2025-01-27,Cerro_Hoya_Expedition_Hoya_1416m_fondoGorila_2025-01-27,fondoGorila_2025_01_28__04_47_05_HDR0.jpg,fondoGorila_2025_01_28__04_47_05_HDR0_0_Mothbot_yolo11m_4500_imgsz1600_b1_2024-01-18.pt.jpg
,,,,,,,,,,,,ERROR,Cerro_Hoya_Expedition_Hoya_1416m_fondoGorila_2025-01-27,fondoGorila_2025_01_28__04_47_05_HDR0_1_Mothbot_yolo11m_4500_imgsz1600_b1_2024-01-18.pt.jpg,HS,Mothbot_yolo11m_4500_imgsz1600_b1_2024-01-18.pt,0.6012641191482544,,fondoGorila,Cerro_Hoya_Expedition/Hoya_1416m_fondoGorila_2025-01-27/2025-01-27/patches/fondoGorila_2025_01_28__04_47_05_HDR0_1_Mothbot_yolo11m_4500_imgsz1600_b1_2024-01-18.pt.jpg,ORDER_Diptera,2025-01-28,04:47:05,,2025_01_28__04_47_05,MachineObservation,Cerro_Hoya_Expedition_Hoya_1416m_fondoGorila_2025-01-27_2025-01-27,Cerro_Hoya_Expedition_Hoya_1416m_fondoGorila_2025-01-27,fondoGorila_2025_01_28__04_47_05_HDR0.jpg,fondoGorila_2025_01_28__04_47_05_HDR0_1_Mothbot_yolo11m_4500_imgsz1600_b1_2024-01-18.pt.jpg
doi.org10.15468dl.6nxkw6.csv,Animalia,Arthropoda,Insecta,Diptera,,,,,811,,Diptera,Diptera,Cerro_Hoya_Expedition_Hoya_1416m_fondoGorila_2025-01-27,fondoGorila_2025_01_28__04_48_05_HDR0_0_Mothbot_yolo11m_4500_imgsz1600_b1_2024-01-18.pt.jpg,HS,Mothbot_yolo11m_4500_imgsz1600_b1_2024-01-18.pt,0.7421562671661377,,fondoGorila,Cerro_Hoya_Expedition/Hoya_1416m_fondoGorila_2025-01-27/2025-01-27/patches/fondoGorila_2025_01_28__04_48_05_HDR0_0_Mothbot_yolo11m_4500_imgsz1600_b1_2024-01-18.pt.jpg,ORDER_Psocodea,2025-01-28,04:48:05,,2025_01_28__04_48_05,MachineObservation,Cerro_Hoya_Expedition_Hoya_1416m_fondoGorila_2025-01-27_2025-01-27,Cerro_Hoya_Expedition_Hoya_1416m_fondoGorila_2025-01-27,fondoGorila_2025_01_28__04_48_05_HDR0.jpg,fondoGorila_2025_01_28__04_48_05_HDR0_0_Mothbot_yolo11m_4500_imgsz1600_b1_2024-01-18.pt.jpg
,,,,,,,,,,,,ERROR,Cerro_Hoya_Expedition_Hoya_1416m_fondoGorila_2025-01-27,fondoGorila_2025_01_28__04_48_05_HDR0_1_Mothbot_yolo11m_4500_imgsz1600_b1_2024-01-18.pt.jpg,HS,Mothbot_yolo11m_4500_imgsz1600_b1_2024-01-18.pt,0.6751329898834229,,fondoGorila,Cerro_Hoya_Expedition/Hoya_1416m_fondoGorila_2025-01-27/2025-01-27/patches/fondoGorila_2025_01_28__04_48_05_HDR0_1_Mothbot_yolo11m_4500_imgsz1600_b1_2024-01-18.pt.jpg,ORDER_Hymenoptera,2025-01-28,04:48:05,,2025_01_28__04_48_05,MachineObservation,Cerro_Hoya_Expedition_Hoya_1416m_fondoGorila_2025-01-27_2025-01-27,Cerro_Hoya_Expedition_Hoya_1416m_fondoGorila_2025-01-27,fondoGorila_2025_01_28__04_48_05_HDR0.jpg,fondoGorila_2025_01_28__04_48_05_HDR0_1_Mothbot_yolo11m_4500_imgsz1600_b1_2024-01-18.pt.jpg
doi.org10.15468dl.6nxkw6.csv,Animalia,Arthropoda,Insecta,Diptera,,,,,811,,Diptera,Diptera,Cerro_Hoya_Expedition_Hoya_1416m_fondoGorila_2025-01-27,fondoGorila_2025_01_28__04_49_06_HDR0_0_Mothbot_yolo11m_4500_imgsz1600_b1_2024-01-18.pt.jpg,HS,Mothbot_yolo11m_4500_imgsz1600_b1_2024-01-18.pt,0.7789252996444702,,fondoGorila,Cerro_Hoya_Expedition/Hoya_1416m_fondoGorila_2025-01-27/2025-01-27/patches/fondoGorila_2025_01_28__04_49_06_HDR0_0_Mothbot_yolo11m_4500_imgsz1600_b1_2024-01-18.pt.jpg,ORDER_Diptera,2025-01-28,04:49:06,,2025_01_28__04_49_06,MachineObservation,Cerro_Hoya_Expedition_Hoya_1416m_fondoGorila_2025-01-27_2025-01-27,Cerro_Hoya_Expedition_Hoya_1416m_fondoGorila_2025-01-27,fondoGorila_2025_01_28__04_49_06_HDR0.jpg,fondoGorila_2025_01_28__04_49_06_HDR0_0_Mothbot_yolo11m_4500_imgsz1600_b1_2024-01-18.pt.jpg
,,,,,,,,,,,,ERROR,Cerro_Hoya_Expedition_Hoya_1416m_fondoGorila_2025-01-27,fondoGorila_2025_01_28__04_49_06_HDR0_1_Mothbot_yolo11m_4500_imgsz1600_b1_2024-01-18.pt.jpg,HS,Mothbot_yolo11m_4500_imgsz1600_b1_2024-01-18.pt,0.7165491580963135,,fondoGorila,Cerro_Hoya_Expedition/Hoya_1416m_fondoGorila_2025-01-27/2025-01-27/patches/fondoGorila_2025_01_28__04_49_06_HDR0_1_Mothbot_yolo11m_4500_imgsz1600_b1_2024-01-18.pt.jpg,ORDER_Hymenoptera,2025-01-28,04:49:06,,2025_01_28__04_49_06,MachineObservation,Cerro_Hoya_Expedition_Hoya_1416m_fondoGorila_2025-01-27_2025-01-27,Cerro_Hoya_Expedition_Hoya_1416m_fondoGorila_2025-01-27,fondoGorila_2025_01_28__04_49_06_HDR0.jpg,fondoGorila_2025_01_28__04_49_06_HDR0_1_Mothbot_yolo11m_4500_imgsz1600_b1_2024-01-18.pt.jpg
,,,,,,,,,,,,ERROR,Cerro_Hoya_Expedition_Hoya_1416m_fondoGorila_2025-01-27,fondoGorila_2025_01_28__04_50_22_HDR0_0_Mothbot_yolo11m_4500_imgsz1600_b1_2024-01-18.pt.jpg,HS,Mothbot_yolo11m_4500_imgsz1600_b1_2024-01-18.pt,0.6702750325202942,,fondoGorila,Cerro_Hoya_Expedition/Hoya_1416m_fondoGorila_2025-01-27/2025-01-27/patches/fondoGorila_2025_01_28__04_50_22_HDR0_0_Mothbot_yolo11m_4500_imgsz1600_b1_2024-01-18.pt.jpg,ORDER_Diptera,2025-01-28,04:50:22,,2025_01_28__04_50_22,MachineObservation,Cerro_Hoya_Expedition_Hoya_1416m_fondoGorila_2025-01-27_2025-01-27,Cerro_Hoya_Expedition_Hoya_1416m_fondoGorila_2025-01-27,fondoGorila_2025_01_28__04_50_22_HDR0.jpg,fondoGorila_2025_01_28__04_50_22_HDR0_0_Mothbot_yolo11m_4500_imgsz1600_b1_2024-01-18.pt.jpg
,,,,,,,,,,,,ERROR,Cerro_Hoya_Expedition_Hoya_1416m_fondoGorila_2025-01-27,fondoGorila_2025_01_28__04_51_06_HDR0_0_Mothbot_yolo11m_4500_imgsz1600_b1_2024-01-18.pt.jpg,HS,Mothbot_yolo11m_4500_imgsz1600_b1_2024-01-18.pt,0.6091968417167664,,fondoGorila,Cerro_Hoya_Expedition/Hoya_1416m_fondoGorila_2025-01-27/2025-01-27/patches/fondoGorila_2025_01_28__04_51_06_HDR0_0_Mothbot_yolo11m_4500_imgsz1600_b1_2024-01-18.pt.jpg,ORDER_Diptera,2025-01-28,04:51:06,,2025_01_28__04_51_06,MachineObservation,Cerro_Hoya_Expedition_Hoya_1416m_fondoGorila_2025-01-27_2025-01-27,Cerro_Hoya_Expedition_Hoya_1416m_fondoGorila_2025-01-27,fondoGorila_2025_01_28__04_51_06_HDR0.jpg,fondoGorila_2025_01_28__04_51_06_HDR0_0_Mothbot_yolo11m_4500_imgsz1600_b1_2024-01-18.pt.jpg
,,,,,,,,,,,,ERROR,Cerro_Hoya_Expedition_Hoya_1416m_fondoGorila_2025-01-27,fondoGorila_2025_01_28__04_52_06_HDR0_0_Mothbot_yolo11m_4500_imgsz1600_b1_2024-01-18.pt.jpg,HS,Mothbot_yolo11m_4500_imgsz1600_b1_2024-01-18.pt,0.6566369533538818,,fondoGorila,Cerro_Hoya_Expedition/Hoya_1416m_fondoGorila_2025-01-27/2025-01-27/patches/fondoGorila_2025_01_28__04_52_06_HDR0_0_Mothbot_yolo11m_4500_imgsz1600_b1_2024-01-18.pt.jpg,ORDER_Diptera,2025-01-28,04:52:06,,2025_01_28__04_52_06,MachineObservation,Cerro_Hoya_Expedition_Hoya_1416m_fondoGorila_2025-01-27_2025-01-27,Cerro_Hoya_Expedition_Hoya_1416m_fondoGorila_2025-01-27,fondoGorila_2025_01_28__04_52_06_HDR0.jpg,fondoGorila_2025_01_28__04_52_06_HDR0_0_Mothbot_yolo11m_4500_imgsz1600_b1_2024-01-18.pt.jpg
,,,,,,,,,,,,ERROR,Cerro_Hoya_Expedition_Hoya_1416m_fondoGorila_2025-01-27,fondoGorila_2025_01_28__04_53_05_HDR0_0_Mothbot_yolo11m_4500_imgsz1600_b1_2024-01-18.pt.jpg,HS,Mothbot_yolo11m_4500_imgsz1600_b1_2024-01-18.pt,0.6948068737983704,,fondoGorila,Cerro_Hoya_Expedition/Hoya_1416m_fondoGorila_2025-01-27/2025-01-27/patches/fondoGorila_2025_01_28__04_53_05_HDR0_0_Mothbot_yolo11m_4500_imgsz1600_b1_2024-01-18.pt.jpg,ERROR_floor,2025-01-28,04:53:05,,2025_01_28__04_53_05,MachineObservation,Cerro_Hoya_Expedition_Hoya_1416m_fondoGorila_2025-01-27_2025-01-27,Cerro_Hoya_Expedition_Hoya_1416m_fondoGorila_2025-01-27,fondoGorila_2025_01_28__04_53_05_HDR0.jpg,fondoGorila_2025_01_28__04_53_05_HDR0_0_Mothbot_yolo11m_4500_imgsz1600_b1_2024-01-18.pt.jpg
,,,,,,,,,,,,ERROR,Cerro_Hoya_Expedition_Hoya_1416m_fondoGorila_2025-01-27,fondoGorila_2025_01_28__04_54_06_HDR0_0_Mothbot_yolo11m_4500_imgsz1600_b1_2024-01-18.pt.jpg,HS,Mothbot_yolo11m_4500_imgsz1600_b1_2024-01-18.pt,0.6368245482444763,,fondoGorila,Cerro_Hoya_Expedition/Hoya_1416m_fondoGorila_2025-01-27/2025-01-27/patches/fondoGorila_2025_01_28__04_54_06_HDR0_0_Mothbot_yolo11m_4500_imgsz1600_b1_2024-01-18.pt.jpg,ORDER_Diptera,2025-01-28,04:54:06,,2025_01_28__04_54_06,MachineObservation,Cerro_Hoya_Expedition_Hoya_1416m_fondoGorila_2025-01-27_2025-01-27,Cerro_Hoya_Expedition_Hoya_1416m_fondoGorila_2025-01-27,fondoGorila_2025_01_28__04_54_06_HDR0.jpg,fondoGorila_2025_01_28__04_54_06_HDR0_0_Mothbot_yolo11m_4500_imgsz1600_b1_2024-01-18.pt.jpg
,,,,,,,,,,,,ERROR,Cerro_Hoya_Expedition_Hoya_1416m_fondoGorila_2025-01-27,fondoGorila_2025_01_28__04_55_06_HDR0_0_Mothbot_yolo11m_4500_imgsz1600_b1_2024-01-18.pt.jpg,HS,Mothbot_yolo11m_4500_imgsz1600_b1_2024-01-18.pt,0.7833006381988525,,fondoGorila,Cerro_Hoya_Expedition/Hoya_1416m_fondoGorila_2025-01-27/2025-01-27/patches/fondoGorila_2025_01_28__04_55_06_HDR0_0_Mothbot_yolo11m_4500_imgsz1600_b1_2024-01-18.pt.jpg,ORDER_Diptera,2025-01-28,04:55:06,,2025_01_28__04_55_06,MachineObservation,Cerro_Hoya_Expedition_Hoya_1416m_fondoGorila_2025-01-27_2025-01-27,Cerro_Hoya_Expedition_Hoya_1416m_fondoGorila_2025-01-27,fondoGorila_2025_01_28__04_55_06_HDR0.jpg,fondoGorila_2025_01_28__04_55_06_HDR0_0_Mothbot_yolo11m_4500_imgsz1600_b1_2024-01-18.pt.jpg
,,,,,,,,,,,,ERROR,Cerro_Hoya_Expedition_Hoya_1416m_fondoGorila_2025-01-27,fondoGorila_2025_01_28__04_56_06_HDR0_0_Mothbot_yolo11m_4500_imgsz1600_b1_2024-01-18.pt.jpg,HS,Mothbot_yolo11m_4500_imgsz1600_b1_2024-01-18.pt,0.793484091758728,,fondoGorila,Cerro_Hoya_Expedition/Hoya_1416m_fondoGorila_2025-01-27/2025-01-27/patches/fondoGorila_2025_01_28__04_56_06_HDR0_0_Mothbot_yolo11m_4500_imgsz1600_b1_2024-01-18.pt.jpg,ORDER_Diptera,2025-01-28,04:56:06,,2025_01_28__04_56_06,MachineObservation,Cerro_Hoya_Expedition_Hoya_1416m_fondoGorila_2025-01-27_2025-01-27,Cerro_Hoya_Expedition_Hoya_1416m_fondoGorila_2025-01-27,fondoGorila_2025_01_28__04_56_06_HDR0.jpg,fondoGorila_2025_01_28__04_56_06_HDR0_0_Mothbot_yolo11m_4500_imgsz1600_b1_2024-01-18.pt.jpg
,,,,,,,,,,,,ERROR,Cerro_Hoya_Expedition_Hoya_1416m_fondoGorila_2025-01-27,fondoGorila_2025_01_28__04_57_22_HDR0_0_Mothbot_yolo11m_4500_imgsz1600_b1_2024-01-18.pt.jpg,HS,Mothbot_yolo11m_4500_imgsz1600_b1_2024-01-18.pt,0.8047518730163574,,fondoGorila,Cerro_Hoya_Expedition/Hoya_1416m_fondoGorila_2025-01-27/2025-01-27/patches/fondoGorila_2025_01_28__04_57_22_HDR0_0_Mothbot_yolo11m_4500_imgsz1600_b1_2024-01-18.pt.jpg,ERROR_floor,2025-01-28,04:57:22,,2025_01_28__04_57_22,MachineObservation,Cerro_Hoya_Expedition_Hoya_1416m_fondoGorila_2025-01-27_2025-01-27,Cerro_Hoya_Expedition_Hoya_1416m_fondoGorila_2025-01-27,fondoGorila_2025_01_28__04_57_22_HDR0.jpg,fondoGorila_2025_01_28__04_57_22_HDR0_0_Mothbot_yolo11m_4500_imgsz1600_b1_2024-01-18.pt.jpg
,,,,,,,,,,,,ERROR,Cerro_Hoya_Expedition_Hoya_1416m_fondoGorila_2025-01-27,fondoGorila_2025_01_28__04_58_06_HDR0_0_Mothbot_yolo11m_4500_imgsz1600_b1_2024-01-18.pt.jpg,HS,Mothbot_yolo11m_4500_imgsz1600_b1_2024-01-18.pt,0.8034878373146057,,fondoGorila,Cerro_Hoya_Expedition/Hoya_1416m_fondoGorila_2025-01-27/2025-01-27/patches/fondoGorila_2025_01_28__04_58_06_HDR0_0_Mothbot_yolo11m_4500_imgsz1600_b1_2024-01-18.pt.jpg,ORDER_Diptera,2025-01-28,04:58:06,,2025_01_28__04_58_06,MachineObservation,Cerro_Hoya_Expedition_Hoya_1416m_fondoGorila_2025-01-27_2025-01-27,Cerro_Hoya_Expedition_Hoya_1416m_fondoGorila_2025-01-27,fondoGorila_2025_01_28__04_58_06_HDR0.jpg,fondoGorila_2025_01_28__04_58_06_HDR0_0_Mothbot_yolo11m_4500_imgsz1600_b1_2024-01-18.pt.jpg
,,,,,,,,,,,,ERROR,Cerro_Hoya_Expedition_Hoya_1416m_fondoGorila_2025-01-27,fondoGorila_2025_01_28__04_59_06_HDR0_0_Mothbot_yolo11m_4500_imgsz1600_b1_2024-01-18.pt.jpg,HS,Mothbot_yolo11m_4500_imgsz1600_b1_2024-01-18.pt,0.7285465598106384,,fondoGorila,Cerro_Hoya_Expedition/Hoya_1416m_fondoGorila_2025-01-27/2025-01-27/patches/fondoGorila_2025_01_28__04_59_06_HDR0_0_Mothbot_yolo11m_4500_imgsz1600_b1_2024-01-18.pt.jpg,ORDER_Hymenoptera,2025-01-28,04:59:06,,2025_01_28__04_59_06,MachineObservation,Cerro_Hoya_Expedition_Hoya_1416m_fondoGorila_2025-01-27_2025-01-27,Cerro_Hoya_Expedition_Hoya_1416m_fondoGorila_2025-01-27,fondoGorila_2025_01_28__04_59_06_HDR0.jpg,fondoGorila_2025_01_28__04_59_06_HDR0_0_Mothbot_yolo11m_4500_imgsz1600_b1_2024-01-18.pt.jpg