"test","term","estimate","p_value","model_family"
"1_mean_detections_per_photo_elevation","elevation_n",-0.00051121890339852,0.0321467962911009,"nbinom2"
"2_richness_elevation","elevation_n",-0.000560331862301859,0.0354872010505714,"poisson"
"3_shannon_elevation","elevation_n",-0.000391348969541522,0.000276387741949243,"Gaussian"
"simpson_elevation","elevation_n",-5.19605553914706e-05,0.0652303064303844,"Gaussian"
"4_order_Lepidoptera_elevation","elevation_n",0.00013351216005429,0.738040412564561,"nbinom2"
"4_order_Coleoptera_elevation","elevation_n",-0.00119838511810304,0.000321112414630873,"nbinom2"
"4_order_Hemiptera_elevation","elevation_n",-0.000794950363233921,0.0199246331258605,"nbinom2"
"4_order_Diptera_elevation","elevation_n",-0.000324736846898218,0.369899957726514,"nbinom2"
"5_session_Lepidoptera","elevation_n",NA,0.0913024168450981,"LMM"
"6_session_x_elevation_Lepidoptera","elevation_n",0.000973191567329656,0.0521581439809299,"LMM"
"5_session_Coleoptera","elevation_n",NA,1.15793369087442e-18,"LMM"
"6_session_x_elevation_Coleoptera","elevation_n",-0.00294404966026253,7.70438575169581e-14,"LMM"
"5_session_Hemiptera","elevation_n",NA,1.56724179588797e-24,"LMM"
"6_session_x_elevation_Hemiptera","elevation_n",-0.00296381539411172,2.33522097146679e-05,"LMM"
"5_session_Diptera","elevation_n",NA,1.68481613996675e-06,"LMM"
"6_session_x_elevation_Diptera","elevation_n",-0.000986050451914057,0.0266011278869083,"LMM"
