"test","statement"
"1_mean_detections_per_photo_elevation","Mean detections per photo decreased with elevation (p = 0.032)."
"2_richness_elevation","Morphospecies richness decreased with elevation (p = 0.035)."
"3_shannon_elevation","Shannon diversity decreased with elevation (p = <0.001)."
"4_order_Lepidoptera_elevation","Lepidoptera detections per photo did not vary significantly with elevation (p = 0.74)."
"4_order_Coleoptera_elevation","Coleoptera detections per photo decreased with elevation (p = <0.001)."
"4_order_Hemiptera_elevation","Hemiptera detections per photo decreased with elevation (p = 0.02)."
"4_order_Diptera_elevation","Diptera detections per photo did not vary significantly with elevation (p = 0.37)."
"5_session_Lepidoptera","Session (hour) was not a significant predictor of Lepidoptera detections per photo (p = 0.091)."
"5_session_Coleoptera","Session (hour) was a significant predictor of Coleoptera detections per photo (p = <0.001)."
"5_session_Hemiptera","Session (hour) was a significant predictor of Hemiptera detections per photo (p = <0.001)."
"5_session_Diptera","Session (hour) was a significant predictor of Diptera detections per photo (p = <0.001)."
"6_session_x_elevation_Lepidoptera","Lepidoptera: session not significant (p = 0.19), elevation not significant (p = 0.052), interaction significant (p = 0.012)."
"6_session_x_elevation_Coleoptera","Coleoptera: session significant (p = <0.001), elevation significant (p = <0.001), interaction significant (p = <0.001)."
"6_session_x_elevation_Hemiptera","Hemiptera: session significant (p = <0.001), elevation significant (p = <0.001), interaction significant (p = <0.001)."
"6_session_x_elevation_Diptera","Diptera: session significant (p = <0.001), elevation significant (p = 0.027), interaction significant (p = 0.0021)."
