"family","total_detections","p_value_hour","peak_hour","early_pct","early_driver"
"Unknown",4393,4.78408552414577e-18,"19h",88.6865467789665,TRUE
"Scarabaeidae",1342,2.56299152538086e-06,"19h",74.9627421758569,TRUE
"Chrysomelidae",1108,0.0161770746673268,"4h",28.8808664259928,FALSE
"Curculionidae",768,0.000382002276086671,"19h",49.609375,TRUE
"Dytiscidae",369,0.209715167649284,"19h",99.4579945799458,FALSE
"Bostrichidae",133,0.095393632921377,"19h",98.4962406015038,FALSE
"Anthicidae",97,0.115369669575421,"19h",98.9690721649485,FALSE
"Carabidae",75,0.00989007945877002,"19h",98.6666666666667,TRUE
"Nitidulidae",75,0.163815385467788,"19h",98.6666666666667,FALSE
"Elateridae",73,0.215308917686921,"21h",86.3013698630137,FALSE
"Tenebrionidae",70,0.356728977703452,"21h",81.4285714285714,FALSE
"Staphylinidae",54,0.000602071097661589,"19h",94.4444444444444,TRUE
"Erotylidae",43,0.00515719147297077,"19h",100,TRUE
"Trogossitidae",43,0.426077725461308,"19h",100,FALSE
"Brentidae",34,0.502245874487902,"23h",5.88235294117647,FALSE
"Meloidae",32,0.110816795989395,"23h",9.375,FALSE
"Cantharidae",19,0.355739449135508,"2h",5.26315789473684,FALSE
"Silvanidae",15,0.0372057471527687,"19h",100,TRUE
"Cerambycidae",14,0.65127320793268,"19h",42.8571428571429,FALSE
"Lymexylidae",12,0.419539942761532,"19h",100,FALSE
"Anthribidae",10,0.404790375033028,"23h",0,FALSE
"Lampyridae",8,0.24278940487643,"23h",25,FALSE
"Lycidae",6,0.265012238232709,"4h",0,FALSE
"Coccinellidae",5,0.912890289055351,"4h",40,FALSE
"Hybosoridae",3,0.419539942761627,"19h",100,FALSE
"Cleridae",2,0.55732175068427,"23h",0,FALSE
"Oedemeridae",2,0.514478755305388,"4h",50,FALSE
