"Estimate","Std. Error","t value","Pr(>|t|)","term"
14.9397440421104,0.821739199786778,18.180639363422,1.44325497352046e-45,"(Intercept)"
-8.90168682297333,1.17900707539374,-7.55015555780321,1.17581326633395e-12,"hour21h"
-9.71503296007914,1.17773661123901,-8.24890121218076,1.50813277488367e-14,"hour23h"
-10.4884051535228,1.16960613974933,-8.96746759192862,1.40601147812883e-16,"hour2h"
-10.6666032905654,1.1934897510306,-8.93732290650556,1.71680270374159e-16,"hour4h"
-0.00717276035644464,0.000996182722936815,-7.20024568916318,9.6167691792139e-12,"elevation"
0.00518354174834904,0.00143068188196578,3.62312671579147,0.000362164209450199,"hour21h:elevation"
0.00539546716710754,0.00142023708643729,3.7989904774577,0.000188453954985933,"hour23h:elevation"
0.00652685834856388,0.00141208509657188,4.62214236550555,6.50091601514575e-06,"hour2h:elevation"
0.00621937937478282,0.00145232922631099,4.28234814951734,2.77242397444179e-05,"hour4h:elevation"
