"order","n_sessions_with_detections","n_sessions_total","p_value_hour","significant_yes_no","converged"
"Araneae",19,228,0.675605468011272,"no",TRUE
"Archaeognatha",2,228,0.527012896291653,"no",TRUE
"Blattodea",4,228,0.513035441471818,"no",TRUE
"Coleoptera",202,228,1.15793369087417e-18,"yes",TRUE
"Dermaptera",3,228,0.166022914106473,"no",TRUE
"Diptera",204,228,1.6848161399645e-06,"yes",TRUE
"Ephemeroptera",21,228,0.00879584574095788,"yes",TRUE
"Hemiptera",212,228,1.56724179548317e-24,"yes",TRUE
"Hymenoptera",144,228,0.0578963530731043,"no",TRUE
"Lepidoptera",218,228,0.091302416849176,"no",TRUE
"Mantodea",3,228,0.58608773386727,"no",TRUE
"Neuroptera",3,228,0.235153245511135,"no",TRUE
"Odonata",3,228,0.0623112243944159,"no",TRUE
"Orthoptera",25,228,0.444404022228771,"no",TRUE
"Plecoptera",10,228,0.338831386458887,"no",TRUE
"Psocodea",10,228,0.32049505668273,"no",TRUE
"Trichoptera",66,228,0.00106121064252275,"yes",TRUE
