"site_night","hour","richness","detections","n_photos","elevation","rate","site"
"1004m_2025-01-26","19h",6,425,48,1004,8.85416666666667,"1004m"
"1004m_2025-01-26","21h",4,206,59,1004,3.49152542372881,"1004m"
"1004m_2025-01-26","23h",4,118,52,1004,2.26923076923077,"1004m"
"1004m_2025-01-26","2h",4,150,56,1004,2.67857142857143,"1004m"
"1004m_2025-01-26","4h",4,196,59,1004,3.32203389830508,"1004m"
"1004m_2025-01-27","19h",5,124,40,1004,3.1,"1004m"
"1004m_2025-01-27","21h",2,14,12,1004,1.16666666666667,"1004m"
"1004m_2025-01-27","23h",3,23,18,1004,1.27777777777778,"1004m"
"1004m_2025-01-27","2h",5,137,56,1004,2.44642857142857,"1004m"
"1004m_2025-01-27","4h",3,30,22,1004,1.36363636363636,"1004m"
"1004m_2025-01-28","19h",4,193,48,1004,4.02083333333333,"1004m"
"1004m_2025-01-28","21h",2,74,34,1004,2.17647058823529,"1004m"
"1004m_2025-01-28","23h",4,78,49,1004,1.59183673469388,"1004m"
"1004m_2025-01-28","2h",4,125,46,1004,2.71739130434783,"1004m"
"1004m_2025-01-28","4h",4,178,48,1004,3.70833333333333,"1004m"
"1110m_2025-01-26","19h",3,7,7,1110,1,"1110m"
"1110m_2025-01-26","21h",1,2,2,1110,1,"1110m"
"1110m_2025-01-26","23h",1,3,3,1110,1,"1110m"
"1110m_2025-01-26","2h",2,19,18,1110,1.05555555555556,"1110m"
"1110m_2025-01-26","4h",2,29,28,1110,1.03571428571429,"1110m"
"1110m_2025-01-27","19h",5,217,32,1110,6.78125,"1110m"
"1110m_2025-01-27","21h",4,176,59,1110,2.98305084745763,"1110m"
"1110m_2025-01-27","23h",3,21,19,1110,1.10526315789474,"1110m"
"1110m_2025-01-27","2h",4,349,53,1110,6.58490566037736,"1110m"
"1110m_2025-01-27","4h",1,59,59,1110,1,"1110m"
"1110m_2025-01-28","19h",2,39,24,1110,1.625,"1110m"
"1110m_2025-01-28","21h",2,24,23,1110,1.04347826086957,"1110m"
"1110m_2025-01-28","23h",3,6,5,1110,1.2,"1110m"
"1110m_2025-01-28","2h",2,8,8,1110,1,"1110m"
"1110m_2025-01-28","4h",1,1,1,1110,1,"1110m"
"119m_2025-01-26","19h",7,745,58,119,12.8448275862069,"119m"
"119m_2025-01-26","21h",7,196,59,119,3.32203389830508,"119m"
"119m_2025-01-26","23h",8,229,58,119,3.94827586206897,"119m"
"119m_2025-01-26","2h",6,212,50,119,4.24,"119m"
"119m_2025-01-26","4h",7,290,58,119,5,"119m"
"119m_2025-01-27","19h",7,477,57,119,8.36842105263158,"119m"
"119m_2025-01-27","21h",4,94,44,119,2.13636363636364,"119m"
"119m_2025-01-27","23h",5,75,42,119,1.78571428571429,"119m"
"119m_2025-01-27","2h",4,104,51,119,2.03921568627451,"119m"
"119m_2025-01-27","4h",5,71,38,119,1.86842105263158,"119m"
"119m_2025-01-28","19h",6,282,51,119,5.52941176470588,"119m"
"119m_2025-01-28","21h",5,329,57,119,5.7719298245614,"119m"
"119m_2025-01-28","23h",7,218,46,119,4.73913043478261,"119m"
"119m_2025-01-28","2h",5,102,54,119,1.88888888888889,"119m"
"119m_2025-01-28","4h",8,103,45,119,2.28888888888889,"119m"
"1204m_2025-01-26","19h",4,42,28,1204,1.5,"1204m"
"1204m_2025-01-26","23h",3,27,26,1204,1.03846153846154,"1204m"
"1204m_2025-01-26","2h",4,39,26,1204,1.5,"1204m"
"1204m_2025-01-26","4h",1,12,12,1204,1,"1204m"
"1204m_2025-01-27","19h",5,73,39,1204,1.87179487179487,"1204m"
"1204m_2025-01-27","21h",3,13,12,1204,1.08333333333333,"1204m"
"1204m_2025-01-27","23h",2,6,6,1204,1,"1204m"
"1204m_2025-01-27","2h",4,48,23,1204,2.08695652173913,"1204m"
"1204m_2025-01-27","4h",4,45,27,1204,1.66666666666667,"1204m"
"1204m_2025-01-28","19h",2,30,24,1204,1.25,"1204m"
"1204m_2025-01-28","21h",1,1,1,1204,1,"1204m"
"1204m_2025-01-28","23h",1,2,2,1204,1,"1204m"
"1204m_2025-01-28","2h",3,33,22,1204,1.5,"1204m"
"1204m_2025-01-28","4h",2,13,11,1204,1.18181818181818,"1204m"
"1300m_2025-01-27","19h",5,157,42,1300,3.73809523809524,"1300m"
"1300m_2025-01-27","21h",4,39,29,1300,1.3448275862069,"1300m"
"1300m_2025-01-27","23h",4,40,25,1300,1.6,"1300m"
"1300m_2025-01-27","2h",3,14,13,1300,1.07692307692308,"1300m"
"1300m_2025-01-27","4h",4,33,26,1300,1.26923076923077,"1300m"
"1300m_2025-01-28","19h",3,244,45,1300,5.42222222222222,"1300m"
"1300m_2025-01-28","21h",2,28,21,1300,1.33333333333333,"1300m"
"1300m_2025-01-28","23h",2,23,20,1300,1.15,"1300m"
"1300m_2025-01-28","2h",3,155,51,1300,3.03921568627451,"1300m"
"1300m_2025-01-28","4h",4,156,42,1300,3.71428571428571,"1300m"
"1508m_2025-01-27","19h",6,850,57,1508,14.9122807017544,"1508m"
"1508m_2025-01-27","21h",5,399,58,1508,6.87931034482759,"1508m"
"1508m_2025-01-27","23h",5,444,52,1508,8.53846153846154,"1508m"
"1508m_2025-01-27","2h",6,342,54,1508,6.33333333333333,"1508m"
"1508m_2025-01-27","4h",4,300,56,1508,5.35714285714286,"1508m"
"1508m_2025-01-28","19h",4,522,57,1508,9.1578947368421,"1508m"
"1508m_2025-01-28","21h",4,204,51,1508,4,"1508m"
"1508m_2025-01-28","23h",3,281,58,1508,4.8448275862069,"1508m"
"1508m_2025-01-28","2h",5,202,40,1508,5.05,"1508m"
"1534m_2025-01-27","19h",5,725,58,1534,12.5,"1534m"
"1534m_2025-01-27","21h",6,454,50,1534,9.08,"1534m"
"1534m_2025-01-27","23h",6,234,59,1534,3.96610169491525,"1534m"
"1534m_2025-01-27","2h",4,272,59,1534,4.61016949152542,"1534m"
"1534m_2025-01-27","4h",4,339,59,1534,5.74576271186441,"1534m"
"1534m_2025-01-28","19h",5,495,58,1534,8.53448275862069,"1534m"
"1534m_2025-01-28","21h",3,178,59,1534,3.01694915254237,"1534m"
"1534m_2025-01-28","23h",4,190,53,1534,3.58490566037736,"1534m"
"1534m_2025-01-28","2h",5,302,56,1534,5.39285714285714,"1534m"
"1534m_2025-01-28","4h",5,218,58,1534,3.75862068965517,"1534m"
"163m_2025-01-26","19h",8,1390,58,163,23.9655172413793,"163m"
"163m_2025-01-26","23h",6,416,59,163,7.05084745762712,"163m"
"163m_2025-01-26","2h",7,170,52,163,3.26923076923077,"163m"
"163m_2025-01-26","4h",7,220,57,163,3.85964912280702,"163m"
"163m_2025-01-27","19h",9,1040,56,163,18.5714285714286,"163m"
"163m_2025-01-27","21h",8,332,59,163,5.6271186440678,"163m"
"163m_2025-01-27","2h",4,215,59,163,3.64406779661017,"163m"
"163m_2025-01-27","4h",6,189,54,163,3.5,"163m"
"163m_2025-01-28","19h",6,1036,58,163,17.8620689655172,"163m"
"163m_2025-01-28","21h",6,472,59,163,8,"163m"
"163m_2025-01-28","23h",6,240,55,163,4.36363636363636,"163m"
"163m_2025-01-28","2h",3,20,16,163,1.25,"163m"
"168m_2025-01-26","19h",7,1340,59,168,22.7118644067797,"168m"
"168m_2025-01-26","21h",6,371,56,168,6.625,"168m"
"168m_2025-01-26","23h",6,272,54,168,5.03703703703704,"168m"
"168m_2025-01-26","2h",6,338,58,168,5.82758620689655,"168m"
"168m_2025-01-26","4h",6,344,56,168,6.14285714285714,"168m"
"168m_2025-01-27","19h",7,1066,55,168,19.3818181818182,"168m"
"168m_2025-01-27","21h",7,267,52,168,5.13461538461539,"168m"
"168m_2025-01-27","23h",6,125,46,168,2.71739130434783,"168m"
"168m_2025-01-27","2h",8,194,47,168,4.12765957446809,"168m"
"168m_2025-01-27","4h",6,171,49,168,3.48979591836735,"168m"
"168m_2025-01-28","19h",6,972,58,168,16.7586206896552,"168m"
"168m_2025-01-28","21h",7,363,58,168,6.25862068965517,"168m"
"168m_2025-01-28","23h",6,345,53,168,6.50943396226415,"168m"
"168m_2025-01-28","2h",7,448,59,168,7.59322033898305,"168m"
"168m_2025-01-28","4h",4,88,14,168,6.28571428571429,"168m"
"277m_2025-01-26","19h",7,1187,58,277,20.4655172413793,"277m"
"277m_2025-01-26","21h",7,341,50,277,6.82,"277m"
"277m_2025-01-26","23h",6,604,59,277,10.2372881355932,"277m"
"277m_2025-01-26","2h",6,332,46,277,7.21739130434783,"277m"
"277m_2025-01-26","4h",7,346,59,277,5.86440677966102,"277m"
"277m_2025-01-27","19h",5,838,57,277,14.7017543859649,"277m"
"277m_2025-01-27","21h",7,809,58,277,13.948275862069,"277m"
"277m_2025-01-27","23h",6,420,57,277,7.36842105263158,"277m"
"277m_2025-01-27","2h",7,546,59,277,9.25423728813559,"277m"
"277m_2025-01-27","4h",6,424,57,277,7.43859649122807,"277m"
"277m_2025-01-28","19h",7,601,59,277,10.1864406779661,"277m"
"277m_2025-01-28","21h",6,377,56,277,6.73214285714286,"277m"
"277m_2025-01-28","23h",6,437,58,277,7.53448275862069,"277m"
"277m_2025-01-28","2h",6,287,58,277,4.94827586206897,"277m"
"277m_2025-01-28","4h",6,243,52,277,4.67307692307692,"277m"
"310m_2025-01-26","19h",7,678,58,310,11.6896551724138,"310m"
"310m_2025-01-26","21h",4,328,57,310,5.75438596491228,"310m"
"310m_2025-01-26","23h",5,128,47,310,2.72340425531915,"310m"
"310m_2025-01-26","2h",6,143,51,310,2.80392156862745,"310m"
"310m_2025-01-26","4h",6,177,55,310,3.21818181818182,"310m"
"310m_2025-01-27","19h",7,675,57,310,11.8421052631579,"310m"
"310m_2025-01-27","21h",6,223,45,310,4.95555555555556,"310m"
"310m_2025-01-27","23h",7,363,57,310,6.36842105263158,"310m"
"310m_2025-01-27","2h",5,235,57,310,4.12280701754386,"310m"
"310m_2025-01-27","4h",5,159,48,310,3.3125,"310m"
"310m_2025-01-28","19h",7,754,54,310,13.962962962963,"310m"
"310m_2025-01-28","21h",5,313,55,310,5.69090909090909,"310m"
"310m_2025-01-28","23h",6,239,55,310,4.34545454545455,"310m"
"310m_2025-01-28","2h",5,179,57,310,3.14035087719298,"310m"
"310m_2025-01-28","4h",6,112,50,310,2.24,"310m"
"408m_2025-01-26","19h",6,404,48,408,8.41666666666667,"408m"
"408m_2025-01-26","21h",7,240,51,408,4.70588235294118,"408m"
"408m_2025-01-26","23h",5,260,52,408,5,"408m"
"408m_2025-01-26","2h",6,172,55,408,3.12727272727273,"408m"
"408m_2025-01-26","4h",6,193,54,408,3.57407407407407,"408m"
"408m_2025-01-27","19h",6,1292,56,408,23.0714285714286,"408m"
"408m_2025-01-27","21h",6,420,59,408,7.11864406779661,"408m"
"408m_2025-01-27","23h",6,291,59,408,4.93220338983051,"408m"
"408m_2025-01-27","2h",7,367,56,408,6.55357142857143,"408m"
"408m_2025-01-27","4h",7,311,57,408,5.45614035087719,"408m"
"408m_2025-01-28","19h",5,288,53,408,5.43396226415094,"408m"
"408m_2025-01-28","21h",5,213,59,408,3.61016949152542,"408m"
"408m_2025-01-28","23h",6,212,58,408,3.6551724137931,"408m"
"505m_2025-01-26","19h",4,148,48,505,3.08333333333333,"505m"
"505m_2025-01-26","21h",4,119,41,505,2.90243902439024,"505m"
"505m_2025-01-26","23h",5,179,51,505,3.50980392156863,"505m"
"505m_2025-01-26","2h",5,227,48,505,4.72916666666667,"505m"
"505m_2025-01-26","4h",5,104,44,505,2.36363636363636,"505m"
"505m_2025-01-27","19h",7,594,55,505,10.8,"505m"
"505m_2025-01-27","21h",5,231,54,505,4.27777777777778,"505m"
"505m_2025-01-27","23h",4,170,54,505,3.14814814814815,"505m"
"505m_2025-01-27","2h",5,207,45,505,4.6,"505m"
"505m_2025-01-27","4h",4,200,59,505,3.38983050847458,"505m"
"505m_2025-01-28","19h",5,244,55,505,4.43636363636364,"505m"
"505m_2025-01-28","21h",5,232,56,505,4.14285714285714,"505m"
"505m_2025-01-28","23h",6,256,58,505,4.41379310344828,"505m"
"505m_2025-01-28","2h",6,282,57,505,4.94736842105263,"505m"
"505m_2025-01-28","4h",5,137,50,505,2.74,"505m"
"606m_2025-01-26","19h",4,322,46,606,7,"606m"
"606m_2025-01-26","21h",4,117,46,606,2.54347826086957,"606m"
"606m_2025-01-26","23h",5,171,59,606,2.89830508474576,"606m"
"606m_2025-01-26","2h",5,258,54,606,4.77777777777778,"606m"
"606m_2025-01-26","4h",5,217,51,606,4.25490196078431,"606m"
"606m_2025-01-27","19h",6,598,55,606,10.8727272727273,"606m"
"606m_2025-01-27","21h",4,174,56,606,3.10714285714286,"606m"
"606m_2025-01-27","23h",4,155,50,606,3.1,"606m"
"606m_2025-01-27","2h",6,129,53,606,2.43396226415094,"606m"
"606m_2025-01-27","4h",4,38,28,606,1.35714285714286,"606m"
"606m_2025-01-28","19h",6,484,56,606,8.64285714285714,"606m"
"606m_2025-01-28","21h",5,145,44,606,3.29545454545455,"606m"
"606m_2025-01-28","23h",5,127,50,606,2.54,"606m"
"606m_2025-01-28","2h",6,173,51,606,3.3921568627451,"606m"
"606m_2025-01-28","4h",5,142,51,606,2.7843137254902,"606m"
"714m_2025-01-26","19h",7,419,49,714,8.55102040816327,"714m"
"714m_2025-01-26","21h",5,361,57,714,6.33333333333333,"714m"
"714m_2025-01-26","23h",6,225,51,714,4.41176470588235,"714m"
"714m_2025-01-26","2h",5,294,50,714,5.88,"714m"
"714m_2025-01-26","4h",5,297,56,714,5.30357142857143,"714m"
"714m_2025-01-27","19h",7,295,55,714,5.36363636363636,"714m"
"714m_2025-01-27","21h",6,278,59,714,4.71186440677966,"714m"
"714m_2025-01-27","23h",6,205,55,714,3.72727272727273,"714m"
"714m_2025-01-27","2h",5,196,54,714,3.62962962962963,"714m"
"714m_2025-01-27","4h",5,157,52,714,3.01923076923077,"714m"
"714m_2025-01-28","19h",8,444,58,714,7.6551724137931,"714m"
"714m_2025-01-28","21h",5,160,59,714,2.71186440677966,"714m"
"714m_2025-01-28","23h",5,127,53,714,2.39622641509434,"714m"
"714m_2025-01-28","2h",6,99,43,714,2.30232558139535,"714m"
"714m_2025-01-28","4h",5,157,52,714,3.01923076923077,"714m"
"812m_2025-01-26","19h",6,428,55,812,7.78181818181818,"812m"
"812m_2025-01-26","21h",5,349,55,812,6.34545454545455,"812m"
"812m_2025-01-26","23h",5,229,58,812,3.94827586206897,"812m"
"812m_2025-01-26","2h",5,318,56,812,5.67857142857143,"812m"
"812m_2025-01-26","4h",5,259,50,812,5.18,"812m"
"812m_2025-01-27","19h",5,700,58,812,12.0689655172414,"812m"
"812m_2025-01-27","21h",6,422,58,812,7.27586206896552,"812m"
"812m_2025-01-27","23h",5,333,58,812,5.74137931034483,"812m"
"812m_2025-01-27","2h",5,206,59,812,3.49152542372881,"812m"
"812m_2025-01-27","4h",5,295,59,812,5,"812m"
"812m_2025-01-28","19h",7,411,58,812,7.08620689655172,"812m"
"812m_2025-01-28","21h",8,350,59,812,5.93220338983051,"812m"
"812m_2025-01-28","23h",6,236,58,812,4.06896551724138,"812m"
"812m_2025-01-28","2h",6,291,57,812,5.10526315789474,"812m"
"812m_2025-01-28","4h",4,253,52,812,4.86538461538461,"812m"
"916m_2025-01-26","19h",6,697,59,916,11.8135593220339,"916m"
"916m_2025-01-26","21h",6,447,59,916,7.57627118644068,"916m"
"916m_2025-01-26","23h",5,433,59,916,7.33898305084746,"916m"
"916m_2025-01-26","2h",4,344,58,916,5.93103448275862,"916m"
"916m_2025-01-26","4h",5,330,59,916,5.59322033898305,"916m"
"916m_2025-01-27","19h",7,702,57,916,12.3157894736842,"916m"
"916m_2025-01-27","21h",5,364,57,916,6.3859649122807,"916m"
"916m_2025-01-27","23h",5,442,57,916,7.75438596491228,"916m"
"916m_2025-01-27","2h",5,234,48,916,4.875,"916m"
"916m_2025-01-27","4h",5,383,58,916,6.60344827586207,"916m"
