"site_night","hour","hour_int","elevation","n_photos"
"1004m_2025-01-26","19h",19,1004,48
"1004m_2025-01-26","21h",21,1004,59
"1004m_2025-01-26","23h",23,1004,52
"1004m_2025-01-26","2h",2,1004,56
"1004m_2025-01-26","4h",4,1004,59
"1004m_2025-01-27","19h",19,1004,40
"1004m_2025-01-27","21h",21,1004,12
"1004m_2025-01-27","23h",23,1004,18
"1004m_2025-01-27","2h",2,1004,56
"1004m_2025-01-27","4h",4,1004,22
"1004m_2025-01-28","19h",19,1004,48
"1004m_2025-01-28","21h",21,1004,34
"1004m_2025-01-28","23h",23,1004,49
"1004m_2025-01-28","2h",2,1004,46
"1004m_2025-01-28","4h",4,1004,48
"1110m_2025-01-26","19h",19,1110,7
"1110m_2025-01-26","21h",21,1110,2
"1110m_2025-01-26","23h",23,1110,3
"1110m_2025-01-26","2h",2,1110,18
"1110m_2025-01-26","4h",4,1110,28
"1110m_2025-01-27","19h",19,1110,32
"1110m_2025-01-27","21h",21,1110,59
"1110m_2025-01-27","23h",23,1110,19
"1110m_2025-01-27","2h",2,1110,53
"1110m_2025-01-27","4h",4,1110,59
"1110m_2025-01-28","19h",19,1110,24
"1110m_2025-01-28","21h",21,1110,23
"1110m_2025-01-28","23h",23,1110,5
"1110m_2025-01-28","2h",2,1110,8
"1110m_2025-01-28","4h",4,1110,1
"119m_2025-01-26","19h",19,119,58
"119m_2025-01-26","21h",21,119,59
"119m_2025-01-26","23h",23,119,58
"119m_2025-01-26","2h",2,119,50
"119m_2025-01-26","4h",4,119,58
"119m_2025-01-27","19h",19,119,57
"119m_2025-01-27","21h",21,119,44
"119m_2025-01-27","23h",23,119,42
"119m_2025-01-27","2h",2,119,51
"119m_2025-01-27","4h",4,119,38
"119m_2025-01-28","19h",19,119,51
"119m_2025-01-28","21h",21,119,57
"119m_2025-01-28","23h",23,119,46
"119m_2025-01-28","2h",2,119,54
"119m_2025-01-28","4h",4,119,45
"1204m_2025-01-26","19h",19,1204,28
"1204m_2025-01-26","23h",23,1204,26
"1204m_2025-01-26","2h",2,1204,26
"1204m_2025-01-26","4h",4,1204,12
"1204m_2025-01-27","19h",19,1204,39
"1204m_2025-01-27","21h",21,1204,12
"1204m_2025-01-27","23h",23,1204,6
"1204m_2025-01-27","2h",2,1204,23
"1204m_2025-01-27","4h",4,1204,27
"1204m_2025-01-28","19h",19,1204,24
"1204m_2025-01-28","21h",21,1204,1
"1204m_2025-01-28","23h",23,1204,2
"1204m_2025-01-28","2h",2,1204,22
"1204m_2025-01-28","4h",4,1204,11
"1300m_2025-01-27","19h",19,1300,42
"1300m_2025-01-27","21h",21,1300,29
"1300m_2025-01-27","23h",23,1300,25
"1300m_2025-01-27","2h",2,1300,13
"1300m_2025-01-27","4h",4,1300,26
"1300m_2025-01-28","19h",19,1300,45
"1300m_2025-01-28","21h",21,1300,21
"1300m_2025-01-28","23h",23,1300,20
"1300m_2025-01-28","2h",2,1300,51
"1300m_2025-01-28","4h",4,1300,42
"1508m_2025-01-27","19h",19,1508,57
"1508m_2025-01-27","21h",21,1508,58
"1508m_2025-01-27","23h",23,1508,52
"1508m_2025-01-27","2h",2,1508,54
"1508m_2025-01-27","4h",4,1508,56
"1508m_2025-01-28","19h",19,1508,57
"1508m_2025-01-28","21h",21,1508,51
"1508m_2025-01-28","23h",23,1508,58
"1508m_2025-01-28","2h",2,1508,40
"1534m_2025-01-27","19h",19,1534,58
"1534m_2025-01-27","21h",21,1534,50
"1534m_2025-01-27","23h",23,1534,59
"1534m_2025-01-27","2h",2,1534,59
"1534m_2025-01-27","4h",4,1534,59
"1534m_2025-01-28","19h",19,1534,58
"1534m_2025-01-28","21h",21,1534,59
"1534m_2025-01-28","23h",23,1534,53
"1534m_2025-01-28","2h",2,1534,56
"1534m_2025-01-28","4h",4,1534,58
"163m_2025-01-26","19h",19,163,58
"163m_2025-01-26","23h",23,163,59
"163m_2025-01-26","2h",2,163,52
"163m_2025-01-26","4h",4,163,57
"163m_2025-01-27","19h",19,163,56
"163m_2025-01-27","21h",21,163,59
"163m_2025-01-27","2h",2,163,59
"163m_2025-01-27","4h",4,163,54
"163m_2025-01-28","19h",19,163,58
"163m_2025-01-28","21h",21,163,59
"163m_2025-01-28","23h",23,163,55
"163m_2025-01-28","2h",2,163,16
"168m_2025-01-26","19h",19,168,59
"168m_2025-01-26","21h",21,168,56
"168m_2025-01-26","23h",23,168,54
"168m_2025-01-26","2h",2,168,58
"168m_2025-01-26","4h",4,168,56
"168m_2025-01-27","19h",19,168,55
"168m_2025-01-27","21h",21,168,52
"168m_2025-01-27","23h",23,168,46
"168m_2025-01-27","2h",2,168,47
"168m_2025-01-27","4h",4,168,49
"168m_2025-01-28","19h",19,168,58
"168m_2025-01-28","21h",21,168,58
"168m_2025-01-28","23h",23,168,53
"168m_2025-01-28","2h",2,168,59
"168m_2025-01-28","4h",4,168,14
"277m_2025-01-26","19h",19,277,58
"277m_2025-01-26","21h",21,277,50
"277m_2025-01-26","23h",23,277,59
"277m_2025-01-26","2h",2,277,46
"277m_2025-01-26","4h",4,277,59
"277m_2025-01-27","19h",19,277,57
"277m_2025-01-27","21h",21,277,58
"277m_2025-01-27","23h",23,277,57
"277m_2025-01-27","2h",2,277,59
"277m_2025-01-27","4h",4,277,57
"277m_2025-01-28","19h",19,277,59
"277m_2025-01-28","21h",21,277,56
"277m_2025-01-28","23h",23,277,58
"277m_2025-01-28","2h",2,277,58
"277m_2025-01-28","4h",4,277,52
"310m_2025-01-26","19h",19,310,58
"310m_2025-01-26","21h",21,310,57
"310m_2025-01-26","23h",23,310,47
"310m_2025-01-26","2h",2,310,51
"310m_2025-01-26","4h",4,310,55
"310m_2025-01-27","19h",19,310,57
"310m_2025-01-27","21h",21,310,45
"310m_2025-01-27","23h",23,310,57
"310m_2025-01-27","2h",2,310,57
"310m_2025-01-27","4h",4,310,48
"310m_2025-01-28","19h",19,310,54
"310m_2025-01-28","21h",21,310,55
"310m_2025-01-28","23h",23,310,55
"310m_2025-01-28","2h",2,310,57
"310m_2025-01-28","4h",4,310,50
"408m_2025-01-26","19h",19,408,48
"408m_2025-01-26","21h",21,408,51
"408m_2025-01-26","23h",23,408,52
"408m_2025-01-26","2h",2,408,55
"408m_2025-01-26","4h",4,408,54
"408m_2025-01-27","19h",19,408,56
"408m_2025-01-27","21h",21,408,59
"408m_2025-01-27","23h",23,408,59
"408m_2025-01-27","2h",2,408,56
"408m_2025-01-27","4h",4,408,57
"408m_2025-01-28","19h",19,408,53
"408m_2025-01-28","21h",21,408,59
"408m_2025-01-28","23h",23,408,58
"505m_2025-01-26","19h",19,505,48
"505m_2025-01-26","21h",21,505,41
"505m_2025-01-26","23h",23,505,51
"505m_2025-01-26","2h",2,505,48
"505m_2025-01-26","4h",4,505,44
"505m_2025-01-27","19h",19,505,55
"505m_2025-01-27","21h",21,505,54
"505m_2025-01-27","23h",23,505,54
"505m_2025-01-27","2h",2,505,45
"505m_2025-01-27","4h",4,505,59
"505m_2025-01-28","19h",19,505,55
"505m_2025-01-28","21h",21,505,56
"505m_2025-01-28","23h",23,505,58
"505m_2025-01-28","2h",2,505,57
"505m_2025-01-28","4h",4,505,50
"606m_2025-01-26","19h",19,606,46
"606m_2025-01-26","21h",21,606,46
"606m_2025-01-26","23h",23,606,59
"606m_2025-01-26","2h",2,606,54
"606m_2025-01-26","4h",4,606,51
"606m_2025-01-27","19h",19,606,55
"606m_2025-01-27","21h",21,606,56
"606m_2025-01-27","23h",23,606,50
"606m_2025-01-27","2h",2,606,53
"606m_2025-01-27","4h",4,606,28
"606m_2025-01-28","19h",19,606,56
"606m_2025-01-28","21h",21,606,44
"606m_2025-01-28","23h",23,606,50
"606m_2025-01-28","2h",2,606,51
"606m_2025-01-28","4h",4,606,51
"714m_2025-01-26","19h",19,714,49
"714m_2025-01-26","21h",21,714,57
"714m_2025-01-26","23h",23,714,51
"714m_2025-01-26","2h",2,714,50
"714m_2025-01-26","4h",4,714,56
"714m_2025-01-27","19h",19,714,55
"714m_2025-01-27","21h",21,714,59
"714m_2025-01-27","23h",23,714,55
"714m_2025-01-27","2h",2,714,54
"714m_2025-01-27","4h",4,714,52
"714m_2025-01-28","19h",19,714,58
"714m_2025-01-28","21h",21,714,59
"714m_2025-01-28","23h",23,714,53
"714m_2025-01-28","2h",2,714,43
"714m_2025-01-28","4h",4,714,52
"812m_2025-01-26","19h",19,812,55
"812m_2025-01-26","21h",21,812,55
"812m_2025-01-26","23h",23,812,58
"812m_2025-01-26","2h",2,812,56
"812m_2025-01-26","4h",4,812,50
"812m_2025-01-27","19h",19,812,58
"812m_2025-01-27","21h",21,812,58
"812m_2025-01-27","23h",23,812,58
"812m_2025-01-27","2h",2,812,59
"812m_2025-01-27","4h",4,812,59
"812m_2025-01-28","19h",19,812,58
"812m_2025-01-28","21h",21,812,59
"812m_2025-01-28","23h",23,812,58
"812m_2025-01-28","2h",2,812,57
"812m_2025-01-28","4h",4,812,52
"916m_2025-01-26","19h",19,916,59
"916m_2025-01-26","21h",21,916,59
"916m_2025-01-26","23h",23,916,59
"916m_2025-01-26","2h",2,916,58
"916m_2025-01-26","4h",4,916,59
"916m_2025-01-27","19h",19,916,57
"916m_2025-01-27","21h",21,916,57
"916m_2025-01-27","23h",23,916,57
"916m_2025-01-27","2h",2,916,48
"916m_2025-01-27","4h",4,916,58
