"panel","hour","elevation_band","mean_rate","se_rate","n_sessions"
"All orders","19h","<300 m",15.9456408971194,1.66015689558577,12
"All orders","19h","300–600 m",10.3040530967198,2.02338256594951,9
"All orders","19h","600–900 m",8.33582268853205,0.68173471223288,9
"All orders","19h","900–1300 m",4.92112669704663,1.30021658064137,11
"All orders","19h",">1300 m",9.04416260958911,1.71194950938283,6
"All orders","21h","<300 m",6.39782734516185,0.905233444914518,11
"All orders","21h","300–600 m",4.79540227429615,0.422205426256681,9
"All orders","21h","600–900 m",4.69518420162335,0.608297168193369,9
"All orders","21h","900–1300 m",2.79067612190127,0.758299532180887,10
"All orders","21h",">1300 m",4.2757367361517,1.27499129673651,6
"All orders","23h","<300 m",5.57196896857489,0.735282153288869,11
"All orders","23h","300–600 m",4.2329334255771,0.372588724027137,9
"All orders","23h","600–900 m",3.64802106918337,0.351508312650612,9
"All orders","23h","900–1300 m",2.41599445398349,0.773656784564979,11
"All orders","23h",">1300 m",3.94738274666017,1.0855214989471,6
"All orders","2h","<300 m",4.60831447632537,0.713862534174585,12
"All orders","2h","300–600 m",4.25305733836597,0.438013954161533,8
"All orders","2h","600–900 m",4.07680134732153,0.444491398573591,9
"All orders","2h","900–1300 m",2.94325850225259,0.59181430655184,11
"All orders","2h",">1300 m",4.25041645515225,0.773531664141827,6
"All orders","4h","<300 m",4.58285514593021,0.5294416684248,11
"All orders","4h","300–600 m",3.2867953894055,0.354853082311784,8
"All orders","4h","600–900 m",3.86486401398166,0.458372906817621,9
"All orders","4h","900–1300 m",2.49771557675628,0.611700716374483,11
"All orders","4h",">1300 m",3.96900854843578,0.789991109023371,5
"Lepidoptera","19h","<300 m",0.769886867584225,0.115310562348669,12
"Lepidoptera","19h","300–600 m",2.07868600393117,0.361708441922571,9
"Lepidoptera","19h","600–900 m",1.70229276981794,0.363161680115037,9
"Lepidoptera","19h","900–1300 m",0.855333512012816,0.294515218085937,11
"Lepidoptera","19h",">1300 m",3.22048416059305,0.860583896059185,6
"Lepidoptera","21h","<300 m",0.811730875479684,0.237679453095537,11
"Lepidoptera","21h","300–600 m",2.10452903361357,0.330701234072419,9
"Lepidoptera","21h","600–900 m",1.67312188619877,0.389716913921666,9
"Lepidoptera","21h","900–1300 m",0.8104464828246,0.269208688357044,10
"Lepidoptera","21h",">1300 m",1.59307080400834,0.906154067252231,6
"Lepidoptera","23h","<300 m",0.870165129741543,0.394706926434829,11
"Lepidoptera","23h","300–600 m",1.9364471456064,0.405919782923129,9
"Lepidoptera","23h","600–900 m",1.24220734946024,0.253411226676867,9
"Lepidoptera","23h","900–1300 m",0.915459912841078,0.365360997265631,11
"Lepidoptera","23h",">1300 m",1.23299654587112,0.415863498539021,6
"Lepidoptera","2h","<300 m",1.21362113182932,0.315160222958271,12
"Lepidoptera","2h","300–600 m",2.16410773340437,0.226307890570313,8
"Lepidoptera","2h","600–900 m",1.6947080179776,0.343572923837738,9
"Lepidoptera","2h","900–1300 m",0.9594742131206,0.325907777753659,11
"Lepidoptera","2h",">1300 m",1.38553851232897,0.384497036876054,6
"Lepidoptera","4h","<300 m",0.970696593701652,0.251306255001603,11
"Lepidoptera","4h","300–600 m",1.51162247850194,0.297653467363406,8
"Lepidoptera","4h","600–900 m",1.30438310221959,0.255438788478079,9
"Lepidoptera","4h","900–1300 m",0.752622607140167,0.333945047404351,11
"Lepidoptera","4h",">1300 m",1.59010603657009,0.552838492915731,5
"Coleoptera","19h","<300 m",3.93681800113066,0.896625869395883,12
"Coleoptera","19h","300–600 m",2.53064289680942,0.548726687333763,9
"Coleoptera","19h","600–900 m",2.2236822760543,0.495029038067837,9
"Coleoptera","19h","900–1300 m",0.764115731131788,0.272584167646738,11
"Coleoptera","19h",">1300 m",0.35477342782243,0.259442708454454,6
"Coleoptera","21h","<300 m",0.767707368358922,0.276485520039796,11
"Coleoptera","21h","300–600 m",0.590250617785052,0.140665085957511,9
"Coleoptera","21h","600–900 m",0.486327673326224,0.132234296538325,9
"Coleoptera","21h","900–1300 m",0.39542818911686,0.144325702661767,10
"Coleoptera","21h",">1300 m",0.057816091954023,0.0264240349080486,6
"Coleoptera","23h","<300 m",0.694743304299292,0.230225742943099,11
"Coleoptera","23h","300–600 m",0.410274469076037,0.115894663403031,9
"Coleoptera","23h","600–900 m",0.260268421900779,0.0927849198613858,9
"Coleoptera","23h","900–1300 m",0.196622329711408,0.0931638401995343,11
"Coleoptera","23h",">1300 m",0.303906996957844,0.196602082703515,6
"Coleoptera","2h","<300 m",0.218867722725418,0.06202455205504,12
"Coleoptera","2h","300–600 m",0.243001401118661,0.0952789728517852,8
"Coleoptera","2h","600–900 m",0.34942957926786,0.0675666220726297,9
"Coleoptera","2h","900–1300 m",0.66424466433885,0.161809294960229,11
"Coleoptera","2h",">1300 m",0.232533198464571,0.168132213342202,6
"Coleoptera","4h","<300 m",0.126641991627292,0.0413792424231375,11
"Coleoptera","4h","300–600 m",0.11507874800638,0.0367904157848575,8
"Coleoptera","4h","600–900 m",0.23937027744605,0.0931651771496384,9
"Coleoptera","4h","900–1300 m",0.569924130358618,0.155957999020011,11
"Coleoptera","4h",">1300 m",0.362844169273158,0.194589485168904,5
"Hemiptera","19h","<300 m",6.7501045542411,1.03032546787849,12
"Hemiptera","19h","300–600 m",3.80516898706249,1.33280612869561,9
"Hemiptera","19h","600–900 m",2.67973247451723,0.297720001590994,9
"Hemiptera","19h","900–1300 m",1.72996087877332,0.562235332208414,11
"Hemiptera","19h",">1300 m",3.51581924159057,1.03006422230401,6
"Hemiptera","21h","<300 m",2.62054030627048,0.627311826011127,11
"Hemiptera","21h","300–600 m",1.38919828820384,0.276272575067166,9
"Hemiptera","21h","600–900 m",1.37098877120904,0.225161415190952,9
"Hemiptera","21h","900–1300 m",0.412138584247258,0.151665920096825,10
"Hemiptera","21h",">1300 m",1.32717495024505,0.365344725611139,6
"Hemiptera","23h","<300 m",2.01969643653642,0.451594497719361,11
"Hemiptera","23h","300–600 m",0.872399689442313,0.169015982579427,9
"Hemiptera","23h","600–900 m",0.79352313534916,0.132834738675031,9
"Hemiptera","23h","900–1300 m",0.271883806266373,0.109405436391253,11
"Hemiptera","23h",">1300 m",0.879892332744356,0.432265264279258,6
"Hemiptera","2h","<300 m",1.35444291827764,0.412024507661109,12
"Hemiptera","2h","300–600 m",0.839031471839134,0.21832986784772,8
"Hemiptera","2h","600–900 m",0.637403856808556,0.135019477662148,9
"Hemiptera","2h","900–1300 m",0.430924252522298,0.164550927914455,11
"Hemiptera","2h",">1300 m",0.968291462608511,0.281222958518695,6
"Hemiptera","4h","<300 m",1.25009633914937,0.294137854726419,11
"Hemiptera","4h","300–600 m",0.721071677036496,0.152027425101221,8
"Hemiptera","4h","600–900 m",0.937186955616666,0.186253444516651,9
"Hemiptera","4h","900–1300 m",0.597539248461091,0.282906645503631,11
"Hemiptera","4h",">1300 m",0.643253308156873,0.352164621174367,5
"Diptera","19h","<300 m",2.67120221407793,0.501499550903419,12
"Diptera","19h","300–600 m",1.46841157798246,0.352213752569492,9
"Diptera","19h","600–900 m",0.893828495461607,0.125497276755876,9
"Diptera","19h","900–1300 m",1.03306587108996,0.456808916504075,11
"Diptera","19h",">1300 m",1.54431336963097,0.445789168723086,6
"Diptera","21h","<300 m",1.4638305107905,0.416702749248436,11
"Diptera","21h","300–600 m",0.432714249314239,0.111379815747272,9
"Diptera","21h","600–900 m",0.763401323314565,0.0911308378849012,9
"Diptera","21h","900–1300 m",0.931115140467233,0.377992337879251,10
"Diptera","21h",">1300 m",1.12246532433351,0.336921695718247,6
"Diptera","23h","<300 m",1.46843321835662,0.275501175084956,11
"Diptera","23h","300–600 m",0.738102342981332,0.154140254020145,9
"Diptera","23h","600–900 m",0.85470935191857,0.0793194288895802,9
"Diptera","23h","900–1300 m",0.758799651561217,0.317804044371555,11
"Diptera","23h",">1300 m",1.38800493378314,0.42195353777356,6
"Diptera","2h","<300 m",1.28817950939648,0.285420241253025,12
"Diptera","2h","300–600 m",0.576238753076988,0.120041062122967,8
"Diptera","2h","600–900 m",0.920563573437447,0.196305962532363,9
"Diptera","2h","900–1300 m",0.606669811641029,0.187599435704489,11
"Diptera","2h",">1300 m",1.3769821724624,0.441174743012274,6
"Diptera","4h","<300 m",1.51509678547147,0.251659713764294,11
"Diptera","4h","300–600 m",0.519844195373299,0.119088491067797,8
"Diptera","4h","600–900 m",0.883652307221599,0.134741827008454,9
"Diptera","4h","900–1300 m",0.405055941255532,0.194289662202473,11
"Diptera","4h",">1300 m",1.13618040346562,0.396492145310691,5
"Hymenoptera","19h","<300 m",0.214110651487032,0.0577775412785782,12
"Hymenoptera","19h","300–600 m",0.107293014463178,0.0404521121014092,9
"Hymenoptera","19h","600–900 m",0.0840196475664456,0.0304043299826087,9
"Hymenoptera","19h","900–1300 m",0.020629747519801,0.0141251422075165,11
"Hymenoptera","19h",">1300 m",0.0415262293665197,0.0168541305297196,6
"Hymenoptera","21h","<300 m",0.144429077643572,0.0902120048354842,11
"Hymenoptera","21h","300–600 m",0.0761696512195017,0.0504445880415794,9
"Hymenoptera","21h","600–900 m",0.0333793863662515,0.0185901279138129,9
"Hymenoptera","21h","900–1300 m",0.00175438596491228,0.00175438596491228,10
"Hymenoptera","21h",">1300 m",0.0185553301780482,0.00929883915533825,6
"Hymenoptera","23h","<300 m",0.133445714353566,0.0538650398088145,11
"Hymenoptera","23h","300–600 m",0.055185957862496,0.0115842632308064,9
"Hymenoptera","23h","600–900 m",0.0280704818766626,0.00861030703919429,9
"Hymenoptera","23h","900–1300 m",0.0268969805098262,0.0210312456098195,11
"Hymenoptera","23h",">1300 m",0.030849999590006,0.0187480995858093,6
"Hymenoptera","2h","<300 m",0.196138460389212,0.0804196122199102,12
"Hymenoptera","2h","300–600 m",0.203029751573676,0.0864705870755472,8
"Hymenoptera","2h","600–900 m",0.0759409587192021,0.0219052205481551,9
"Hymenoptera","2h","900–1300 m",0.0183982683982684,0.015174688524962,11
"Hymenoptera","2h",">1300 m",0.027326685660019,0.013302149426349,6
"Hymenoptera","4h","<300 m",0.229193403814278,0.0875094077771835,11
"Hymenoptera","4h","300–600 m",0.174095921300426,0.0544795166078865,8
"Hymenoptera","4h","600–900 m",0.101770958999274,0.0376388348631838,9
"Hymenoptera","4h","900–1300 m",0.00618989426704213,0.00473023774749031,11
"Hymenoptera","4h",">1300 m",0.01947391688771,0.00618934116712391,5
"Other orders","19h","<300 m",0.909388386570972,0.26832113215882,12
"Other orders","19h","300–600 m",0.0462318100778476,0.0149073047505688,9
"Other orders","19h","600–900 m",0.0761522686399534,0.0198739075347292,9
"Other orders","19h","900–1300 m",0.0780912553102562,0.0667397527516593,11
"Other orders","19h",">1300 m",0.0198830409356725,0.0127050064224564,6
"Other orders","21h","<300 m",0.373727823178549,0.113323948007369,11
"Other orders","21h","300–600 m",0.0531684781047803,0.0245964679774776,9
"Other orders","21h","600–900 m",0.030333728872595,0.0134682308549414,9
"Other orders","21h","900–1300 m",0.00508474576271186,0.00508474576271186,10
"Other orders","21h",">1300 m",0.00666666666666667,0.00666666666666667,6
"Other orders","23h","<300 m",0.0742997365183362,0.0205417989558143,11
"Other orders","23h","300–600 m",0.0330796558487352,0.0188239533742909,9
"Other orders","23h","600–900 m",0.0315027216041415,0.0154370171774838,9
"Other orders","23h","900–1300 m",0.00505050505050505,0.00505050505050505,11
"Other orders","23h",">1300 m",0.00282485875706215,0.00282485875706215,6
"Other orders","2h","<300 m",0.0681437331503616,0.0219436686188074,12
"Other orders","2h","300–600 m",0.0113809758353102,0.00474742477682511,8
"Other orders","2h","600–900 m",0.0207531924650263,0.010975549121133,9
"Other orders","2h","900–1300 m",0.00413223140495868,0.00413223140495868,11
"Other orders","2h",">1300 m",0.0207922308911009,0.0141518513311421,6
"Other orders","4h","<300 m",0.0881631364670128,0.027279150429832,11
"Other orders","4h","300–600 m",0.0240776736664895,0.011726659881234,8
"Other orders","4h","600–900 m",0.0249766573295985,0.0165436802235107,9
"Other orders","4h","900–1300 m",0,0,11
"Other orders","4h",">1300 m",0,0,5
