"user_order","AI_order","n","match"
"Araneae","Blattodea",1,FALSE
"Araneae","Coleoptera",1,FALSE
"Araneae","Diptera",39,FALSE
"Araneae","Hemiptera",22,FALSE
"Araneae","Hymenoptera",8,FALSE
"Araneae","Lepidoptera",9,FALSE
"Araneae","Mecoptera",1,FALSE
"Araneae","Odonata",1,FALSE
"Araneae","Orthoptera",8,FALSE
"Araneae","Psocodea",1,FALSE
"Archaeognatha","Diptera",4,FALSE
"Archaeognatha","Psocodea",1,FALSE
"Blattodea","Blattodea",3,TRUE
"Blattodea","Hemiptera",4,FALSE
"Blattodea","Hymenoptera",1,FALSE
"Blattodea","Trichoptera",1,FALSE
"Coleoptera","Blattodea",99,FALSE
"Coleoptera","Coleoptera",5791,TRUE
"Coleoptera","Diptera",1006,FALSE
"Coleoptera","Hemiptera",949,FALSE
"Coleoptera","Hymenoptera",385,FALSE
"Coleoptera","Lepidoptera",363,FALSE
"Coleoptera","Mantodea",1,FALSE
"Coleoptera","Mecoptera",1,FALSE
"Coleoptera","Odonata",1,FALSE
"Coleoptera","Orthoptera",8,FALSE
"Coleoptera","Psocodea",222,FALSE
"Coleoptera","Siphonaptera",4,FALSE
"Coleoptera","Trichoptera",8,FALSE
"Coleoptera","Zygentoma",1,FALSE
"Dermaptera","Coleoptera",2,FALSE
"Dermaptera","Orthoptera",1,FALSE
"Diptera","Blattodea",16,FALSE
"Diptera","Coleoptera",805,FALSE
"Diptera","Diptera",8324,TRUE
"Diptera","Hemiptera",1808,FALSE
"Diptera","Hymenoptera",1435,FALSE
"Diptera","Lepidoptera",60,FALSE
"Diptera","Mantodea",2,FALSE
"Diptera","Mecoptera",7,FALSE
"Diptera","Megaloptera",2,FALSE
"Diptera","Neuroptera",11,FALSE
"Diptera","Odonata",14,FALSE
"Diptera","Orthoptera",10,FALSE
"Diptera","Phasmida",7,FALSE
"Diptera","Psocodea",608,FALSE
"Diptera","Trichoptera",30,FALSE
"Diptera","Zygentoma",2,FALSE
"Ephemeroptera","Coleoptera",1,FALSE
"Ephemeroptera","Diptera",138,FALSE
"Ephemeroptera","Hemiptera",1,FALSE
"Ephemeroptera","Hymenoptera",13,FALSE
"Ephemeroptera","Megaloptera",1,FALSE
"Ephemeroptera","Neuroptera",1,FALSE
"Ephemeroptera","Odonata",4,FALSE
"Ephemeroptera","Psocodea",3,FALSE
"Hemiptera","Blattodea",134,FALSE
"Hemiptera","Coleoptera",1434,FALSE
"Hemiptera","Diptera",5220,FALSE
"Hemiptera","Ephemeroptera",14,FALSE
"Hemiptera","Hemiptera",10079,TRUE
"Hemiptera","Hymenoptera",384,FALSE
"Hemiptera","Lepidoptera",701,FALSE
"Hemiptera","Mantodea",3,FALSE
"Hemiptera","Mecoptera",1,FALSE
"Hemiptera","Neuroptera",3,FALSE
"Hemiptera","Odonata",20,FALSE
"Hemiptera","Orthoptera",143,FALSE
"Hemiptera","Psocodea",1351,FALSE
"Hemiptera","Siphonaptera",5,FALSE
"Hemiptera","Trichoptera",233,FALSE
"Hemiptera","Zygentoma",75,FALSE
"Hymenoptera","Coleoptera",27,FALSE
"Hymenoptera","Diptera",168,FALSE
"Hymenoptera","Hemiptera",119,FALSE
"Hymenoptera","Hymenoptera",726,TRUE
"Hymenoptera","Lepidoptera",14,FALSE
"Hymenoptera","Odonata",2,FALSE
"Hymenoptera","Orthoptera",5,FALSE
"Hymenoptera","Psocodea",30,FALSE
"Hymenoptera","Trichoptera",2,FALSE
"Lepidoptera","Blattodea",76,FALSE
"Lepidoptera","Coleoptera",171,FALSE
"Lepidoptera","Diptera",822,FALSE
"Lepidoptera","Hemiptera",511,FALSE
"Lepidoptera","Hymenoptera",60,FALSE
"Lepidoptera","Lepidoptera",13759,TRUE
"Lepidoptera","Mecoptera",1,FALSE
"Lepidoptera","Megaloptera",14,FALSE
"Lepidoptera","Neuroptera",4,FALSE
"Lepidoptera","Odonata",16,FALSE
"Lepidoptera","Orthoptera",27,FALSE
"Lepidoptera","Psocodea",468,FALSE
"Lepidoptera","Siphonaptera",1,FALSE
"Lepidoptera","Trichoptera",150,FALSE
"Lepidoptera","Zygentoma",49,FALSE
"Mantodea","Hemiptera",3,FALSE
"Mantodea","Mantodea",3,TRUE
"Neuroptera","Coleoptera",1,FALSE
"Neuroptera","Neuroptera",2,TRUE
"Odonata","Odonata",5,TRUE
"Orthoptera","Blattodea",4,FALSE
"Orthoptera","Coleoptera",1,FALSE
"Orthoptera","Diptera",3,FALSE
"Orthoptera","Hemiptera",1,FALSE
"Orthoptera","Hymenoptera",9,FALSE
"Orthoptera","Orthoptera",156,TRUE
"Plecoptera","Coleoptera",1,FALSE
"Plecoptera","Diptera",2,FALSE
"Plecoptera","Hemiptera",23,FALSE
"Plecoptera","Hymenoptera",7,FALSE
"Plecoptera","Lepidoptera",1,FALSE
"Plecoptera","Mantodea",1,FALSE
"Plecoptera","Orthoptera",4,FALSE
"Plecoptera","Psocodea",1,FALSE
"Plecoptera","Trichoptera",5,FALSE
"Psocodea","Diptera",8,FALSE
"Psocodea","Hemiptera",2,FALSE
"Psocodea","Hymenoptera",3,FALSE
"Psocodea","Lepidoptera",1,FALSE
"Psocodea","Psocodea",3,TRUE
"Trichoptera","Blattodea",29,FALSE
"Trichoptera","Coleoptera",1,FALSE
"Trichoptera","Dermaptera",9,FALSE
"Trichoptera","Diptera",81,FALSE
"Trichoptera","Hemiptera",14,FALSE
"Trichoptera","Hymenoptera",8,FALSE
"Trichoptera","Lepidoptera",137,FALSE
"Trichoptera","Megaloptera",15,FALSE
"Trichoptera","Neuroptera",2,FALSE
"Trichoptera","Odonata",2,FALSE
"Trichoptera","Psocodea",95,FALSE
"Trichoptera","Trichoptera",151,TRUE
"Trichoptera","Zygentoma",139,FALSE
NA,"Blattodea",11,NA
NA,"Coleoptera",592,NA
NA,"Dermaptera",1,NA
NA,"Diptera",1375,NA
NA,"Hemiptera",782,NA
NA,"Hymenoptera",316,NA
NA,"Lepidoptera",187,NA
NA,"Mantodea",1,NA
NA,"Neuroptera",1,NA
NA,"Odonata",62,NA
NA,"Orthoptera",27,NA
NA,"Psocodea",262,NA
NA,"Trichoptera",44,NA
NA,"Zygentoma",2,NA
