"NMDS1","NMDS2","site_night","elevation"
-0.39511685548715,0.328425520291233,"1004m_2025-01-26",1004
-0.332261861521108,-0.152684820948737,"1004m_2025-01-27",1004
-0.339175993977752,0.163063315955572,"1004m_2025-01-28",1004
-0.494605680137793,0.120633108047577,"1110m_2025-01-26",1110
-0.127509243799845,0.457319194512454,"1110m_2025-01-27",1110
-0.30970722655172,1.15307660245733,"1110m_2025-01-28",1110
0.479688371454637,0.319049019520504,"119m_2025-01-26",119
0.93220760804133,0.222733163609675,"119m_2025-01-27",119
0.65313953672754,0.144900894497448,"119m_2025-01-28",119
-0.67868396905496,-0.245879847682393,"1204m_2025-01-26",1204
-0.420460603035754,-0.0967595843665868,"1204m_2025-01-27",1204
-0.502973670642855,-0.234916449357557,"1204m_2025-01-28",1204
-0.531952568336506,-0.0138565044216379,"1300m_2025-01-27",1300
-0.725240475729182,-0.120078502451795,"1300m_2025-01-28",1300
-0.729389131998011,-0.0466309488875879,"1508m_2025-01-27",1508
-0.72646724318221,-0.120950097287596,"1508m_2025-01-28",1508
-0.718777307979979,-0.197180093995112,"1534m_2025-01-27",1534
-0.395211101988773,0.0259229058222469,"1534m_2025-01-28",1534
0.581836242436345,-0.216296103688152,"163m_2025-01-26",163
0.563371584822673,-0.118598346658197,"163m_2025-01-27",163
0.491704058750028,-0.0198340544866256,"163m_2025-01-28",163
0.556910091511868,-0.315621775656407,"168m_2025-01-26",168
0.413277259251804,-0.0821694386976253,"168m_2025-01-27",168
0.283472475463098,0.108114999897233,"168m_2025-01-28",168
0.269983435904831,-0.222509734221403,"277m_2025-01-26",277
0.395085301416011,-0.355608031228439,"277m_2025-01-27",277
0.356865708290918,-0.19093150552262,"277m_2025-01-28",277
0.203447400392285,-0.222026483684373,"310m_2025-01-26",310
0.3084833395467,0.00719111558724477,"310m_2025-01-27",310
0.224920044048518,0.173067508366612,"310m_2025-01-28",310
-0.0405103833233987,-0.185665061310997,"408m_2025-01-26",408
0.168914865400987,-0.351329026489761,"408m_2025-01-27",408
0.143984565066961,0.179462240072027,"408m_2025-01-28",408
0.109845787549629,0.0926270221078892,"505m_2025-01-26",505
0.13520901084313,-0.551440190494347,"505m_2025-01-27",505
-0.0729972374990268,-0.37583599348274,"505m_2025-01-28",505
0.0559820508236903,0.00148634211973767,"606m_2025-01-26",606
0.165961602534844,0.0210911342242562,"606m_2025-01-27",606
0.155527239223637,0.0596242009986533,"606m_2025-01-28",606
-0.0734053474400649,-0.0376060473071341,"714m_2025-01-26",714
0.0623519945497392,-0.0630841974060605,"714m_2025-01-27",714
0.00922134760929874,-0.114440342768125,"714m_2025-01-28",714
-0.127127229531838,-0.108226358158955,"812m_2025-01-26",812
-0.22512130040621,-0.238866798576607,"812m_2025-01-27",812
-0.0744330984184339,0.197615196485463,"812m_2025-01-28",812
0.125167560964187,0.564475516705115,"812m_2025-01-29",812
0.103973361965828,0.293714114560005,"916m_2025-01-26",916
0.0905956854520551,0.365433223399295,"916m_2025-01-27",916
