"site_night","n_photos","elevation"
"1004m_2025-01-26",274,1004
"1004m_2025-01-27",148,1004
"1004m_2025-01-28",225,1004
"1110m_2025-01-26",58,1110
"1110m_2025-01-27",222,1110
"1110m_2025-01-28",61,1110
"119m_2025-01-26",283,119
"119m_2025-01-27",232,119
"119m_2025-01-28",253,119
"1204m_2025-01-26",92,1204
"1204m_2025-01-27",107,1204
"1204m_2025-01-28",60,1204
"1300m_2025-01-27",135,1300
"1300m_2025-01-28",179,1300
"1508m_2025-01-27",277,1508
"1508m_2025-01-28",206,1508
"1534m_2025-01-27",285,1534
"1534m_2025-01-28",284,1534
"163m_2025-01-26",226,163
"163m_2025-01-27",228,163
"163m_2025-01-28",188,163
"168m_2025-01-26",283,168
"168m_2025-01-27",249,168
"168m_2025-01-28",242,168
"277m_2025-01-26",272,277
"277m_2025-01-27",288,277
"277m_2025-01-28",283,277
"310m_2025-01-26",270,310
"310m_2025-01-27",266,310
"310m_2025-01-28",275,310
"408m_2025-01-26",260,408
"408m_2025-01-27",287,408
"408m_2025-01-28",170,408
"505m_2025-01-26",233,505
"505m_2025-01-27",267,505
"505m_2025-01-28",281,505
"606m_2025-01-26",256,606
"606m_2025-01-27",242,606
"606m_2025-01-28",252,606
"714m_2025-01-26",263,714
"714m_2025-01-27",275,714
"714m_2025-01-28",265,714
"812m_2025-01-26",277,812
"812m_2025-01-27",295,812
"812m_2025-01-28",287,812
"812m_2025-01-29",1,812
"916m_2025-01-26",294,916
"916m_2025-01-27",277,916
