"site_night","elevation","insect_activity","insect_richness","insect_shannon"
"119m_2025-01-26",119,1672,18,1.57832656822189
"119m_2025-01-27",119,821,20,2.00435772775886
"119m_2025-01-28",119,1034,22,1.34128337066251
"163m_2025-01-26",163,2196,25,1.94558369248862
"163m_2025-01-27",163,1776,27,2.28078624082983
"163m_2025-01-28",163,1768,22,1.89787750621688
"168m_2025-01-26",168,2665,19,1.67612576759939
"168m_2025-01-27",168,1823,23,1.71510750563471
"168m_2025-01-28",168,2216,16,1.60549656918359
"277m_2025-01-26",277,2810,29,1.94449799981279
"277m_2025-01-27",277,3037,33,1.71710703978839
"277m_2025-01-28",277,1945,30,2.11798055758365
"310m_2025-01-26",310,1483,21,1.85205272255877
"310m_2025-01-27",310,1675,21,1.58080887106137
"310m_2025-01-28",310,1637,22,1.99009273964565
"408m_2025-01-26",408,1269,19,1.80637799422513
"408m_2025-01-27",408,2681,28,1.6007163467294
"408m_2025-01-28",408,713,13,1.81038558060887
"505m_2025-01-26",505,778,14,1.62249898071155
"505m_2025-01-27",505,1402,18,1.61761777962159
"505m_2025-01-28",505,1183,20,1.8457753279915
"606m_2025-01-26",606,1085,20,1.7362447537418
"606m_2025-01-27",606,1094,17,1.78811657745644
"606m_2025-01-28",606,1071,20,2.12995088301067
"714m_2025-01-26",714,1596,23,1.71499124879722
"714m_2025-01-27",714,1131,21,1.92438563456725
"714m_2025-01-28",714,987,24,1.99110378124405
"812m_2025-01-26",812,1602,23,1.77513073486471
"812m_2025-01-27",812,1995,11,1.57004977196186
"812m_2025-01-28",812,1571,18,1.59256019813437
"812m_2025-01-29",812,5,4,1.33217904021012
"916m_2025-01-26",916,2251,18,1.82557110513412
"916m_2025-01-27",916,2125,16,1.54722907115917
"1004m_2025-01-26",1004,1095,12,1.07917221363948
"1004m_2025-01-27",1004,328,14,1.6035834428976
"1004m_2025-01-28",1004,648,12,1.25802915029629
"1110m_2025-01-26",1110,60,8,1.45748422311207
"1110m_2025-01-27",1110,822,11,1.68210641582161
"1110m_2025-01-28",1110,78,6,1.04740119638608
"1204m_2025-01-26",1204,120,6,1.50136151902426
"1204m_2025-01-27",1204,185,9,1.8524755720139
"1204m_2025-01-28",1204,79,8,1.4337275098717
"1300m_2025-01-27",1300,283,9,1.78811220448131
"1300m_2025-01-28",1300,606,7,1.28066860239294
"1508m_2025-01-27",1508,2335,8,1.32857029682564
"1508m_2025-01-28",1508,1209,7,1.10719020414072
"1534m_2025-01-27",1534,2024,10,1.16360072896984
"1534m_2025-01-28",1534,1383,8,1.27952185725716
