"elevation","mean_insect_activity","se_insect_activity","mean_insect_richness","se_insect_richness","mean_insect_shannon","se_insect_shannon"
119,1113.66666666667,243.17369192502,9.33333333333333,0.666666666666667,1.3999664001863,0.128836009993659
163,1913.66666666667,141.181128735788,9.66666666666667,0.881917103688197,1.58748945554028,0.0261973121771259
168,2236.33333333333,242.102824803383,9,0.577350269189626,1.52186059342002,0.0233201890389583
277,2597.66666666667,332.357404678224,10,0.577350269189626,1.49372161129599,0.0810907626359756
310,1598.33333333333,58.7007476764801,9.33333333333333,0.666666666666667,1.41513963701233,0.0544178316178045
408,1556.33333333333,585.35070209614,8.66666666666667,0.881917103688197,1.5121740080957,0.0479654595090883
505,1121,182.781290070948,7.33333333333333,0.666666666666667,1.47176889109029,0.0126819614711784
606,1087.33333333333,5.36449231314369,8,0.577350269189626,1.54889301129524,0.0559249789963213
714,1214,158.247696139101,8.66666666666667,0.333333333333333,1.56562205035897,0.0739130604913595
812,1297.75,441.567543908441,7.25,1.25,1.48169128740476,0.0500232084182898
916,2170,32,8.5,0.5,1.49152371875372,0.00934927358308146
1004,680,225.881237231722,9.33333333333333,2.33333333333333,1.22136737917247,0.127123221188974
1110,246.333333333333,193.394530544285,4.66666666666667,0.881917103688197,1.06760588105156,0.0196474840714299
1204,96.3333333333333,34.2653047718988,5.33333333333333,0.881917103688197,1.38833490917655,0.231734660834292
1300,441.5,187.5,7,1,1.44882851495382,0.217838949251228
1508,1785,562,7,1,1.24328879236154,0.103038485304738
1534,1714.5,323.5,7.5,0.5,1.23621177093516,0.0612545169990054
