"deployment","device","project","site","latitude","longitude","height_above_ground","habitat","deployment_date","collect_date","notes"
"Cerro_Hoya_Expedition_Hoya_119m_bothDeer_2025-01-26","bothDeer","Hoya","119m","7.34881","-80.78596","1.5","pasture",2025-01-26,2025-01-29,"119m elevation. In Juan Velazques' yard, at the top of a bluff, overlooking banana patch and secondary forest. Connected to solar panel. "
"Cerro_Hoya_Expedition_Hoya_163m_unrulyArao_2025-01-26","unrulyArao","Hoya","163m","7.34787","-80.78324","1.5","natural regeneration forest / regeneración natural",2025-01-26,2025-01-29,"163m elevation. 2nd battery added."
"Cerro_Hoya_Expedition_Hoya_168m_doubleParina_2025-01-26","doubleParina","Hoya","168m","7.34686","-80.78232","2","Gmelina and natural regeneration",2025-01-26,2025-01-29,"168m elevation. Area was cleared, had relatively low density Gmelina planted, natural regeneration filled in. 2nd battery added. Had corrupted images but now fixed"
"Cerro_Hoya_Expedition_Hoya_202m_liquidSerau_2025-01-26","liquidSerau","Hoya","202m","7.34706","-80.78131","2","teak plantation / tecal",2025-01-26,2025-01-29,"202m elevation. Area deforested, then Teak and Gmelina planted. Some natural regeneration filled in. 2nd battery added. DID NOT TAKE PHOTOS"
"Cerro_Hoya_Expedition_Hoya_277m_adeptTurca_2025-01-26","adeptTurca","Hoya","277m","7.3455","-80.7806","1.5","natural regeneration forest / regeneración natural",2025-01-26,2025-01-29,"277m elevation. Boundary between low-density Gmelina plantation and mature natural regeneration. 2nd battery added. corrupted images but fixed"
"Cerro_Hoya_Expedition_Hoya_310m_flatHapuku_2025-01-26","flatHapuku","Hoya","310m","7.34552","-80.77974","1.7","mature forest / bosque maduro",2025-01-26,2025-01-29,"310m elevation. 2nd battery added. Mature forest with evidence of selective logging. Photos dim."
"Cerro_Hoya_Expedition_Hoya_408m_calmoBarbo_2025-01-26","calmoBarbo","Hoya","408m","7.34419","-80.77756","1.7","mature forest / bosque maduro",2025-01-26,2025-01-29,"408m elevation. 2nd battery added. Mature forest with evidence of selective logging. Ring lights stopped working on last night."
"Cerro_Hoya_Expedition_Hoya_505m_prizeCrab_2025-01-26","prizeCrab","Hoya","505m","7.34341","-80.77544","1.7","mature forest / bosque maduro",2025-01-26,2025-01-29,"505m elevation. 2nd battery added. This mothbox (and others at higher elevations in Cerro Hoya) in relatively untouched forest. Corrupted images on last night but now fixed"
"Cerro_Hoya_Expedition_Hoya_606m_grisMejua_2025-01-26","grisMejua","Hoya","606m","7.34191","-80.77237","1.5","mature forest / bosque maduro",2025-01-26,2025-01-29,"606m elevation. 2nd battery added. Corrupted images but was fixed"
"Cerro_Hoya_Expedition_Hoya_714m_remoteAhulla_2025-01-26","remoteAhulla","Hoya","714m","7.34265","-80.768","1.7","mature forest / bosque maduro",2025-01-26,2025-01-29,"714m elevation. 2nd battery added"
"Cerro_Hoya_Expedition_Hoya_812m_liftAlce_2025-01-26","liftAlce","Hoya","812m","7.34309","-80.76558","2","mature forest / bosque maduro",2025-01-26,2025-01-29,"812m elevation. 2nd battery added. Was turning on even though its disarmed. Dim photos"
"Cerro_Hoya_Expedition_Hoya_916m_layerMomoto_2025-01-26","layerMomoto","Hoya","916m","7.3441","-80.76349","1.8","mature forest / bosque maduro",2025-01-26,2025-01-29,"916m elevation. 2nd battery added. Glare blocker needs to be painted opaque "
"Cerro_Hoya_Expedition_Hoya_1004m_accionSauro_2025-01-26","accionSauro","Hoya","1004m","7.34252","-80.75922","1.8","mature forest / bosque maduro",2025-01-26,2025-01-29,"1004m elevation. 2nd battery added."
"Cerro_Hoya_Expedition_Hoya_1110m_cuervoCinife_2025-01-26","cuervoCinife","Hoya","1110m","7.34067","-80.75753","2","mature forest / bosque maduro",2025-01-26,2025-01-29,"1110m elevation. 2nd battery added."
"Cerro_Hoya_Expedition_Hoya_1204m_lightPotoro_2025-01-26","lightPotoro","Hoya","1204m","7.33658","-80.75681","1.7","mature forest / bosque maduro",2025-01-26,2025-01-29,"1204m elevation. 2nd battery added. Corrupted images"
"Cerro_Hoya_Expedition_Hoya_1300m_alertTollo_2025-01-26","alertTollo","Hoya","1300m","7.33207","-80.75293","1.5","cloud forest / bosque nuboso",2025-01-26,2025-01-29,"1300m elevation. 2nd battery added. Co-located with audiomoth2 deployment"
"Cerro_Hoya_Expedition_Hoya_1416m_fondoGorila_2025-01-27","fondoGorila","Hoya","1416m","7.32779","-80.74805","1.7","cloud forest / bosque nuboso",2025-01-27,2025-01-29,"1416m elevation. 2nd small battery added. Was entirely discharged (no lights on anywhere) at collection. The epoxy for the lens was cracked. Perhaps overheated? Lasted 1 1/2 nights"
"Cerro_Hoya_Expedition_Hoya_1508m_waveUrta_2025-01-27","waveUrta","Hoya","1508m","7.32393","-80.74752","2","cloud forest / bosque nuboso",2025-01-27,2025-01-29,"1508m elevation. Corrupted images but was fixed"
"Cerro_Hoya_Expedition_Hoya_1534m_wingedHapuku_2025-01-27","wingedHapuku","Hoya","1534m","7.32318","-80.74697","1.7","cloud forest / bosque nuboso",2025-01-27,2025-01-29,"1534m elevation"
