"elevation_n","hour","mean_rate","n_sessions"
119,"19h",8.91422013451479,3
119,"21h",3.74344245307671,3
119,"23h",3.49104019418862,3
119,"2h",2.72270152505447,3
119,"4h",3.05243664717349,3
163,"19h",20.1330049261084,3
163,"21h",6.8135593220339,2
163,"23h",5.70724191063174,2
163,"2h",2.72109952194698,3
163,"4h",3.67982456140351,2
168,"19h",19.6174344260843,3
168,"21h",6.00607869142352,3
168,"23h",4.754620767883,3
168,"2h",5.84948870678256,3
168,"4h",5.30612244897959,3
277,"19h",15.1179041017701,3
277,"21h",9.16680623973727,3
277,"23h",8.38006398228183,3
277,"2h",7.13996815151746,3
277,"4h",5.992026731322,3
310,"19h",12.4982411328449,3
310,"21h",5.46695020379231,3
310,"23h",4.47909328446842,3
310,"2h",3.35569315445476,3
310,"4h",2.92356060606061,3
408,"19h",12.3073525007487,3
408,"21h",5.14489863742107,3
408,"23h",4.52912526787454,3
408,"2h",4.84042207792208,2
408,"4h",4.51510721247563,2
505,"19h",6.10656565656566,3
505,"21h",3.77435798167505,3
505,"23h",3.69058172438835,3
505,"2h",4.75884502923977,3
505,"4h",2.83115562403698,3
606,"19h",8.83852813852814,3
606,"21h",2.98202522115566,3
606,"23h",2.84610169491525,3
606,"2h",3.53463230155794,3
606,"4h",2.79878618113912,3
714,"19h",7.18994306186424,3
714,"21h",4.58568738229755,3
714,"23h",3.51175461608314,3
714,"2h",3.93731840367499,3
714,"4h",3.78067765567766,3
812,"19h",8.97899686520376,3
812,"21h",6.51784000141686,3
812,"23h",4.58620689655172,3
812,"2h",4.75845333673166,3
812,"4h",5.0151282051282,3
916,"19h",12.0646743978591,2
916,"21h",6.98111804936069,2
916,"23h",7.54668450787987,2
916,"2h",5.40301724137931,2
916,"4h",6.09833430742256,2
1004,"19h",5.325,3
1004,"21h",2.27822089287692,3
1004,"23h",1.71294842723414,3
1004,"2h",2.61413043478261,3
1004,"4h",2.79800119842493,3
1110,"19h",3.13541666666667,3
1110,"21h",1.67550970277573,3
1110,"23h",1.10175438596491,3
1110,"2h",2.8801537386443,3
1110,"4h",1.01190476190476,3
1204,"19h",1.54059829059829,3
1204,"21h",1.04166666666667,2
1204,"23h",1.01282051282051,3
1204,"2h",1.69565217391304,3
1204,"4h",1.28282828282828,3
1300,"19h",4.58015873015873,2
1300,"21h",1.33908045977011,2
1300,"23h",1.375,2
1300,"2h",2.05806938159879,2
1300,"4h",2.49175824175824,2
1508,"19h",12.0350877192982,2
1508,"21h",5.43965517241379,2
1508,"23h",6.69164456233422,2
1508,"2h",5.69166666666667,2
1508,"4h",5.35714285714286,1
1534,"19h",10.5172413793103,2
1534,"21h",6.04847457627119,2
1534,"23h",3.77550367764631,2
1534,"2h",5.00151331719128,2
1534,"4h",4.75219170075979,2
