"Estimate","Std. Error","df","t value","Pr(>|t|)","term"
14.7889724801136,1.12219346084883,23.632438149009,13.1786300634181,2.21688854880583e-12,"(Intercept)"
-8.73221210897183,0.851132877038142,173.05578497793,-10.2595168681053,1.36302751831873e-19,"hour21h"
-9.64770178963759,0.850092730025867,172.978813424759,-11.3489992901645,1.14769827776867e-22,"hour23h"
-10.537773953395,0.84353134412568,172.693849416399,-12.4924509643651,6.30260996781216e-26,"hour2h"
-10.7900711075536,0.863143275029643,174.027345432525,-12.5009038704299,5.31731153997388e-26,"hour4h"
-0.00678598634078885,0.00130939752346413,25.7373656379452,-5.18252571826768,2.13860220846049e-05,"elevation_n"
0.00492038689392943,0.00103294628355012,173.13845029885,4.76344895401395,4.00782688857735e-06,"hour21h:elevation_n"
0.00533216097195926,0.00102436443706936,172.631662796611,5.20533589316533,5.45335402818068e-07,"hour23h:elevation_n"
0.00656273390225962,0.0010177042431891,172.309284714312,6.44856690554273,1.0966858461951e-09,"hour2h:elevation_n"
0.00648652246361368,0.0010509833016373,174.064454423571,6.17186063138061,4.60452655425279e-09,"hour4h:elevation_n"
