human_order,AI_order,n,row_pct
Araneae,Blattodea,1,1.098901098901099
Araneae,Coleoptera,1,1.098901098901099
Araneae,Diptera,39,42.857142857142854
Araneae,Hemiptera,22,24.175824175824175
Araneae,Hymenoptera,8,8.791208791208792
Araneae,Lepidoptera,9,9.89010989010989
Araneae,Mecoptera,1,1.098901098901099
Araneae,Odonata,1,1.098901098901099
Araneae,Orthoptera,8,8.791208791208792
Araneae,Psocodea,1,1.098901098901099
Archaeognatha,Diptera,4,80
Archaeognatha,Psocodea,1,20
Blattodea,Blattodea,3,33.333333333333336
Blattodea,Hemiptera,4,44.44444444444444
Blattodea,Hymenoptera,1,11.11111111111111
Blattodea,Trichoptera,1,11.11111111111111
Coleoptera,Blattodea,99,1.120036203190406
Coleoptera,Coleoptera,5791,65.5164611381378
Coleoptera,Diptera,1006,11.381377983934835
Coleoptera,Hemiptera,949,10.736508654825206
Coleoptera,Hymenoptera,385,4.355696345740468
Coleoptera,Lepidoptera,363,4.106799411698156
Coleoptera,Mantodea,1,0.011313497001923295
Coleoptera,Mecoptera,1,0.011313497001923295
Coleoptera,Odonata,1,0.011313497001923295
Coleoptera,Orthoptera,8,0.09050797601538636
Coleoptera,Psocodea,222,2.5115963344269714
Coleoptera,Siphonaptera,4,0.04525398800769318
Coleoptera,Trichoptera,8,0.09050797601538636
Coleoptera,Zygentoma,1,0.011313497001923295
Dermaptera,Coleoptera,2,66.66666666666667
Dermaptera,Orthoptera,1,33.333333333333336
Diptera,Blattodea,16,0.12175633513431246
Diptera,Coleoptera,805,6.125865611445096
Diptera,Diptera,8324,63.34373335362606
Diptera,Hemiptera,1808,13.758465870177307
Diptera,Hymenoptera,1435,10.920021307358649
Diptera,Lepidoptera,60,0.4565862567536717
Diptera,Mantodea,2,0.015219541891789057
Diptera,Mecoptera,7,0.0532683966212617
Diptera,Megaloptera,2,0.015219541891789057
Diptera,Neuroptera,11,0.08370748040483982
Diptera,Odonata,14,0.1065367932425234
Diptera,Orthoptera,10,0.07609770945894528
Diptera,Phasmida,7,0.0532683966212617
Diptera,Psocodea,608,4.626740735103874
Diptera,Trichoptera,30,0.22829312837683585
Diptera,Zygentoma,2,0.015219541891789057
Ephemeroptera,Coleoptera,1,0.6172839506172839
Ephemeroptera,Diptera,138,85.18518518518519
Ephemeroptera,Hemiptera,1,0.6172839506172839
Ephemeroptera,Hymenoptera,13,8.024691358024691
Ephemeroptera,Megaloptera,1,0.6172839506172839
Ephemeroptera,Neuroptera,1,0.6172839506172839
Ephemeroptera,Odonata,4,2.4691358024691357
Ephemeroptera,Psocodea,3,1.8518518518518519
Hemiptera,Blattodea,134,0.6767676767676768
Hemiptera,Coleoptera,1434,7.242424242424242
Hemiptera,Diptera,5220,26.363636363636363
Hemiptera,Ephemeroptera,14,0.0707070707070707
Hemiptera,Hemiptera,10079,50.9040404040404
Hemiptera,Hymenoptera,384,1.9393939393939394
Hemiptera,Lepidoptera,701,3.54040404040404
Hemiptera,Mantodea,3,0.015151515151515152
Hemiptera,Mecoptera,1,0.005050505050505051
Hemiptera,Neuroptera,3,0.015151515151515152
Hemiptera,Odonata,20,0.10101010101010101
Hemiptera,Orthoptera,143,0.7222222222222222
Hemiptera,Psocodea,1351,6.8232323232323235
Hemiptera,Siphonaptera,5,0.025252525252525252
Hemiptera,Trichoptera,233,1.1767676767676767
Hemiptera,Zygentoma,75,0.3787878787878788
Hymenoptera,Coleoptera,27,2.4702653247941444
Hymenoptera,Diptera,168,15.370539798719122
Hymenoptera,Hemiptera,119,10.887465690759377
Hymenoptera,Hymenoptera,726,66.42268984446477
Hymenoptera,Lepidoptera,14,1.280878316559927
Hymenoptera,Odonata,2,0.18298261665141813
Hymenoptera,Orthoptera,5,0.45745654162854527
Hymenoptera,Psocodea,30,2.7447392497712717
Hymenoptera,Trichoptera,2,0.18298261665141813
Lepidoptera,Blattodea,76,0.4712009424018848
Lepidoptera,Coleoptera,171,1.0602021204042409
Lepidoptera,Diptera,822,5.096410192820386
Lepidoptera,Hemiptera,511,3.168206336412673
Lepidoptera,Hymenoptera,60,0.372000744001488
Lepidoptera,Lepidoptera,13759,85.30597061194122
Lepidoptera,Mecoptera,1,0.0062000124000248
Lepidoptera,Megaloptera,14,0.0868001736003472
Lepidoptera,Neuroptera,4,0.0248000496000992
Lepidoptera,Odonata,16,0.0992001984003968
Lepidoptera,Orthoptera,27,0.1674003348006696
Lepidoptera,Psocodea,468,2.9016058032116065
Lepidoptera,Siphonaptera,1,0.0062000124000248
Lepidoptera,Trichoptera,150,0.93000186000372
Lepidoptera,Zygentoma,49,0.3038006076012152
Mantodea,Hemiptera,3,50
Mantodea,Mantodea,3,50
Neuroptera,Coleoptera,1,33.333333333333336
Neuroptera,Neuroptera,2,66.66666666666667
Odonata,Odonata,5,100
Orthoptera,Blattodea,4,2.2988505747126435
Orthoptera,Coleoptera,1,0.5747126436781609
Orthoptera,Diptera,3,1.7241379310344827
Orthoptera,Hemiptera,1,0.5747126436781609
Orthoptera,Hymenoptera,9,5.172413793103448
Orthoptera,Orthoptera,156,89.65517241379311
Plecoptera,Coleoptera,1,2.2222222222222223
Plecoptera,Diptera,2,4.444444444444445
Plecoptera,Hemiptera,23,51.111111111111114
Plecoptera,Hymenoptera,7,15.555555555555555
Plecoptera,Lepidoptera,1,2.2222222222222223
Plecoptera,Mantodea,1,2.2222222222222223
Plecoptera,Orthoptera,4,8.88888888888889
Plecoptera,Psocodea,1,2.2222222222222223
Plecoptera,Trichoptera,5,11.11111111111111
Psocodea,Diptera,8,47.05882352941177
Psocodea,Hemiptera,2,11.764705882352942
Psocodea,Hymenoptera,3,17.647058823529413
Psocodea,Lepidoptera,1,5.882352941176471
Psocodea,Psocodea,3,17.647058823529413
Trichoptera,Blattodea,29,4.24597364568082
Trichoptera,Coleoptera,1,0.14641288433382138
Trichoptera,Dermaptera,9,1.3177159590043923
Trichoptera,Diptera,81,11.859443631039532
Trichoptera,Hemiptera,14,2.049780380673499
Trichoptera,Hymenoptera,8,1.171303074670571
Trichoptera,Lepidoptera,137,20.05856515373353
Trichoptera,Megaloptera,15,2.1961932650073206
Trichoptera,Neuroptera,2,0.29282576866764276
Trichoptera,Odonata,2,0.29282576866764276
Trichoptera,Psocodea,95,13.90922401171303
Trichoptera,Trichoptera,151,22.10834553440703
Trichoptera,Zygentoma,139,20.351390922401173
Unknown,Blattodea,11,0.3003003003003003
Unknown,Coleoptera,592,16.161616161616163
Unknown,Dermaptera,1,0.0273000273000273
Unknown,Diptera,1375,37.53753753753754
Unknown,Hemiptera,782,21.34862134862135
Unknown,Hymenoptera,316,8.626808626808627
Unknown,Lepidoptera,187,5.105105105105105
Unknown,Mantodea,1,0.0273000273000273
Unknown,Neuroptera,1,0.0273000273000273
Unknown,Odonata,62,1.6926016926016927
Unknown,Orthoptera,27,0.7371007371007371
Unknown,Psocodea,262,7.152607152607152
Unknown,Trichoptera,44,1.2012012012012012
Unknown,Zygentoma,2,0.0546000546000546
