human_order,n,n_correct,pct_correct
Hemiptera,19800,10079,50.9040404040404
Lepidoptera,16129,13759,85.30597061194122
Diptera,13141,8324,63.34373335362606
Coleoptera,8839,5791,65.5164611381378
Unknown,3663,0,0
Hymenoptera,1093,726,66.42268984446477
Trichoptera,683,151,22.10834553440703
Orthoptera,174,156,89.65517241379311
Ephemeroptera,162,0,0
Araneae,91,0,0
Plecoptera,45,0,0
Psocodea,17,3,17.647058823529413
Blattodea,9,3,33.333333333333336
Mantodea,6,3,50
Archaeognatha,5,0,0
Odonata,5,5,100
Dermaptera,3,0,0
Neuroptera,3,2,66.66666666666667
